NOMBRE_EQUIPO,INTERFACE,NOMBRE_CLIENTE,NRO_VLAN,DIRECCION_IP,VELOCIDAD_ENTRADA,VELOCIDAD_SALIDA
 VELEBNOC1002X1,Loopback0,,,181.225.41.24 255.255.255.255,,,

 VELEBNOC1002X1,Port-channel1(shutdown),CCSJ4500LEBX1_ae4,,,,,
 VELEBNOC1002X1,Port-channel2,CCSJ4500LEBX1_ae7,,,,,
 VELEBNOC1002X1,Port-channel2.622(shutdown),BOL-SWEETCHERRY,622,172.23.250.41 255.255.255.252,200M,200M,
 VELEBNOC1002X1,Port-channel2.1101,LEB-GPON-TEST,1101,190.94.250.33 255.255.255.252,10M,10M,
 VELEBNOC1002X1,Port-channel2.1115(shutdown),LEB-EXCEL-GAMA-PPAL,1115,172.23.248.217 255.255.255.252,300M,300M,
 VELEBNOC1002X1,Port-channel2.1121(shutdown),LEB-VENSITE,1121,172.23.250.193 255.255.255.252,140M,140M,
 VELEBNOC1002X1,Port-channel2.1133,LEB-PRC333-MONACA,1133,172.23.248.245 255.255.255.252,50M,50M,
 VELEBNOC1002X1,Port-channel2.1656,LEB-LIDER-PRAGMA,1656,172.23.245.225 255.255.255.252,100M,100M,
 VELEBNOC1002X1,Port-channel2.1657(shutdown),LEB-FAROCA-VISTAL,1657,172.23.245.169 255.255.255.252,300M,300M,
 VELEBNOC1002X1,Port-channel2.1658,LEB-CANGURO,1658,172.23.244.113 255.255.255.252,100M,100M,
 VELEBNOC1002X1,Port-channel2.1680,LEB-SMARTCALL-OFICEN,1680,172.23.243.105 255.255.255.252,90M,90M,
 VELEBNOC1002X1,Port-channel2.1681,LEB-DROGUERIA-NENA,1681,172.23.243.109 255.255.255.252,80M,80M,
 VELEBNOC1002X1,Port-channel2.1708,LEB-COCONUTS-RED ,1708,172.23.244.97 255.255.255.252,200M,200M,
 VELEBNOC1002X1,Port-channel2.1713(shutdown),LEB-WIFI-SOLUTI-IP,1713,190.94.245.217 255.255.255.248,100M,100M,
 VELEBNOC1002X1,GigabitEthernet0/0/0,,,,,,
 VELEBNOC1002X1,GigabitEthernet0/0/1,,,,,,
 VELEBNOC1002X1,GigabitEthernet0/0/2,,,,,,
 VELEBNOC1002X1,GigabitEthernet0/0/3,,,,,,
 VELEBNOC1002X1,GigabitEthernet0/1/0,CCS3750LEBX3_CONEXION_DIRECTA,,,,,
 VELEBNOC1002X1,GigabitEthernet0/1/0.1103,LEB-CONTALFA,1103,172.23.252.233 255.255.255.252,40M,40M,
 VELEBNOC1002X1,GigabitEthernet0/1/0.1105,LEB-GRAPHO-FORMAS,1105,172.23.251.45 255.255.255.252,5M,5M,
 VELEBNOC1002X1,GigabitEthernet0/1/0.1109,LEB-ALFONZO-CALI,1109,172.23.250.113 255.255.255.252,5M,5M,
 VELEBNOC1002X1,GigabitEthernet0/1/0.1110,LEB-NEB&ASOCIADOS,1110,172.23.250.133 255.255.255.252,20M,20M,
 VELEBNOC1002X1,GigabitEthernet0/1/0.1111,LEB-PANDORA_PRUEBA,1111,190.94.210.97 255.255.255.252,20M,20M,
 VELEBNOC1002X1,GigabitEthernet0/1/0.1112,RED1-VL1112-LEB-CORP-SISA-LEB,1112,172.23.250.201 255.255.255.252,10M,10M,
 VELEBNOC1002X1,GigabitEthernet0/1/0.1113,RED1-VL1113-LEB-LARSHOSTING,1113,190.94.210.13 255.255.255.252,20M,20M,
 VELEBNOC1002X1,GigabitEthernet0/1/0.1114,RED1-VL1114-LEB-CONFECCIONES-LC,1114,172.23.250.205 255.255.255.252,10M,10M,
 VELEBNOC1002X1,GigabitEthernet0/1/0.1116,LEB-EXCEL-GAMA-DISTRI,1116,172.23.248.221 255.255.255.252,20M,20M,
 VELEBNOC1002X1,GigabitEthernet0/1/0.1117,RED1-VL1117-LEB-CHARVENCA,1117,172.23.248.249 255.255.255.252,50M,50M,
 VELEBNOC1002X1,GigabitEthernet0/1/0.1118,RED1-VL1118-LEB-DILOJA,1118,172.23.248.233 255.255.255.252,50M,50M,
 VELEBNOC1002X1,GigabitEthernet0/1/0.1119,RED1-VL1119-LEB-PEPSICO,1119,172.23.248.57 255.255.255.252,100M,100M,
 VELEBNOC1002X1,GigabitEthernet0/1/0.1124,LEB-CASA-ROSNEFT,1124,172.23.248.177 255.255.255.252,50M,50M,
 VELEBNOC1002X1,GigabitEthernet0/1/0.1125,RED1-VL1125-LEB-MUDAN-INTER-LLANITO,1125,172.23.247.1 255.255.255.252,10M,10M,
 VELEBNOC1002X1,GigabitEthernet0/1/0.1126,RED1-VL1126-LEB-STP-CONSULTORES,1126,172.23.247.13 255.255.255.252,20M,20M,
 VELEBNOC1002X1,GigabitEthernet0/1/0.1128,LEB-SMARTCALL-COLEG,1128,172.23.247.37 255.255.255.252,100M,100M,
 VELEBNOC1002X1,GigabitEthernet0/1/0.1129,LEB-DBACCESS,1129,172.23.247.65 255.255.255.252,10M,10M,
 VELEBNOC1002X1,GigabitEthernet0/1/0.1130,LEB-MULTIMEDICA,1130,172.23.247.69 255.255.255.252,20M,20M,
 VELEBNOC1002X1,GigabitEthernet0/1/0.1131,,1131,172.23.247.77 255.255.255.252,10M,10M,
 VELEBNOC1002X1,GigabitEthernet0/1/0.1137,,1137,172.23.247.97 255.255.255.252,20M,20M,
 VELEBNOC1002X1,GigabitEthernet0/1/0.1138,BOL-QUALITY-METAL,1138,172.23.247.169 255.255.255.252,20M,20M,
 VELEBNOC1002X1,GigabitEthernet0/1/0.1141,LEB-ALFONZO-CALIF-SW,1141,172.23.246.17 255.255.255.252,,,
 VELEBNOC1002X1,GigabitEthernet0/1/0.1145,LEB-PLAN-SUAREZ-LA-URBINA,1145,172.23.245.93 255.255.255.252,50M,50M,
 VELEBNOC1002X1,GigabitEthernet0/1/0.1146,LEB-CORPORACION-KADRI,1146,172.23.245.49 255.255.255.252,10M,10M,
 VELEBNOC1002X1,GigabitEthernet0/1/0.1148,LEB-PS-LA-URBINA-VPN,1148,,,,
 VELEBNOC1002X1,GigabitEthernet0/1/0.1214,SINAI-FAROCA-UNICEN,1214,172.23.244.37 255.255.255.252,,,
 VELEBNOC1002X1,GigabitEthernet0/1/0.1701,LEB-LASER-SEDE-STURGIS,1701,172.23.245.181 255.255.255.252,20M,20M,
 VELEBNOC1002X1,GigabitEthernet0/1/0.1702,TUNO-GAMA-LM,1702,172.23.254.33 255.255.255.252,,,
 VELEBNOC1002X1,GigabitEthernet0/1/0.1705,LEB-ULTIMAS-NOTICIAS,1705,172.23.245.185 255.255.255.252,60M,60M,
 VELEBNOC1002X1,GigabitEthernet0/1/0.1706,LEB-SMARTCALL-PANALP,1706,172.23.244.29 255.255.255.252,80M,80M,
 VELEBNOC1002X1,GigabitEthernet0/1/0.1707,LEB-SALVA-LOGISTC,1707,172.23.244.69 255.255.255.252,150M,150M,
 VELEBNOC1002X1,GigabitEthernet0/1/0.1720,LEB-GAMA-URBINA,1720,172.23.244.217 255.255.255.252,,,
 VELEBNOC1002X1,GigabitEthernet0/1/1,,,,,,
 VELEBNOC1002X1,GigabitEthernet0/1/2,CCSJ4500LEBX1_ge-0/0/19-CAURIMARE,,,,,
 VELEBNOC1002X1,GigabitEthernet0/1/2.213,MCCY-CHARVENCA-CSP,213,172.23.252.221 255.255.255.252,20M,20M,
 VELEBNOC1002X1,GigabitEthernet0/1/2.216,MCCY-GAMA-MCY-EXPRESS,216,172.23.254.109 255.255.255.252,,,
 VELEBNOC1002X1,GigabitEthernet0/1/2.218,,218,172.23.244.153 255.255.255.252,40M,40M,
 VELEBNOC1002X1,GigabitEthernet0/1/2.222,MCCY-MERCADOMEGA-SW,222,172.23.244.201 255.255.255.252,,,
 VELEBNOC1002X1,GigabitEthernet0/1/2.790,LEB-NTIS-EG-LATRI,790,172.23.252.193 255.255.255.252,40M,40M,
 VELEBNOC1002X1,GigabitEthernet0/1/2.1120,RED1-VL1120-LEB-GINA,1120,172.23.248.53 255.255.255.252,50M,50M,
 VELEBNOC1002X1,GigabitEthernet0/1/2.1122,RED1-VL1122-LEB-HEB-WIFI,1122,181.225.43.97 255.255.255.248,50M,50M,
 VELEBNOC1002X1,GigabitEthernet0/1/2.1123,,1123,172.23.254.105 255.255.255.252,50M,50M,
 VELEBNOC1002X1,GigabitEthernet0/1/2.1127,LEB-TELEVEN,1127,172.23.247.17 255.255.255.252,200M,200M,
 VELEBNOC1002X1,GigabitEthernet0/1/2.1132,LEB-PRC-DANISA,1132,172.23.252.145 255.255.255.252,50M,50M,
 VELEBNOC1002X1,GigabitEthernet0/1/2.1134,LEB-MOLINOS-NACIONALES,1134,172.23.254.249 255.255.255.252,80M,80M,
 VELEBNOC1002X1,GigabitEthernet0/1/2.1255,CAU-GRUPO-GLOBAL,1255,172.23.245.149 255.255.255.252,20M,20M,
 VELEBNOC1002X1,GigabitEthernet0/1/2.1257,CAU-CASATE,1257,172.23.244.165 255.255.255.252,40M,40M,
 VELEBNOC1002X1,GigabitEthernet0/1/2.1258,CAU-GAMA-CAURIMARE,1258,172.23.254.189 255.255.255.252,,,
 VELEBNOC1002X1,GigabitEthernet0/1/2.1260,CAU-GAMA-CHUAO,1260,172.23.253.197 255.255.255.252,,,
 VELEBNOC1002X1,GigabitEthernet0/1/2.1263,CAU-IJLUD-OFICINA,1263,172.23.251.5 255.255.255.252,20M,20M,
 VELEBNOC1002X1,GigabitEthernet0/1/2.1264,CAU-IJLUD-TEMPLO,1264,172.23.251.9 255.255.255.252,20M,20M,
 VELEBNOC1002X1,GigabitEthernet0/1/2.1652,LEB-DGCIM-OPERACIONES,1652,172.23.245.193 255.255.255.252,70M,70M,
 VELEBNOC1002X1,GigabitEthernet0/1/2.1653,LEB-DGCIM-5,1653,172.23.245.197 255.255.255.252,5M,5M,
 VELEBNOC1002X1,GigabitEthernet0/1/2.1654,LEB-PRIMTEK-WILSON,1654,172.23.245.209 255.255.255.252,100M,100M,
 VELEBNOC1002X1,GigabitEthernet0/1/2.1655,LEB-PRIMTEK-CCBC,1655,172.23.245.213 255.255.255.252,PRIMTEK,PRIMTEK,
 VELEBNOC1002X1,GigabitEthernet0/1/2.1660,LEB-DIRECTA-GROUP-AUTANA,1660,172.23.245.117 255.255.255.252,20M,20M,
 VELEBNOC1002X1,GigabitEthernet0/1/2.1661,LEB-NIVTAJ-TSALACH,1661,172.23.246.165 255.255.255.252,40M,40M,
 VELEBNOC1002X1,GigabitEthernet0/1/2.1662,LEB-DIVISION-365,1662,172.23.246.209 255.255.255.252,40M,40M,
 VELEBNOC1002X1,GigabitEthernet0/1/2.1663,LEB-QTA-ODETE,1663,190.94.252.209 255.255.255.252,20M,20M,
 VELEBNOC1002X1,GigabitEthernet0/1/2.1664,LEB-HERGLY,1664,172.23.246.213 255.255.255.252,40M,40M,
 VELEBNOC1002X1,GigabitEthernet0/1/2.1665,LEB-INVERSIONES-747,1665,172.23.246.221 255.255.255.252,20M,20M,
 VELEBNOC1002X1,GigabitEthernet0/1/2.1666,LEB-FARMACIA-ADAN,1666,172.23.246.57 255.255.255.252,80M,80M,
 VELEBNOC1002X1,GigabitEthernet0/1/2.1667,LEB-GENERACION-TECN,1667,172.23.246.113 255.255.255.252,40M,40M,
 VELEBNOC1002X1,GigabitEthernet0/1/2.1668,LEB-TRANRED-SIEMENS ,1668,172.23.246.53 255.255.255.252,40M,40M,
 VELEBNOC1002X1,GigabitEthernet0/1/2.1669,LEB-PRC-SEGRE,1669,172.23.246.25 255.255.255.252,40M,40M,
 VELEBNOC1002X1,GigabitEthernet0/1/2.1671,LEB-CENTRO-MARMOL,1671,172.23.243.73 255.255.255.252,40M,40M,
 VELEBNOC1002X1,GigabitEthernet0/1/2.1675,LEB-HOTECHE,1675,172.23.243.97 255.255.255.252,40M,40M,
 VELEBNOC1002X1,GigabitEthernet0/1/2.1678,LEB-GAMA-BOL-SW,1678,172.23.244.53 255.255.255.252,,,
 VELEBNOC1002X1,GigabitEthernet0/1/2.1682,LEB-AVILAIRE,1682,172.23.243.117 255.255.255.252,40M,40M,
 VELEBNOC1002X1,GigabitEthernet0/1/2.1683,LEB-CLOUDHOPP,1683,172.23.243.165 255.255.255.252,40M,40M,
 VELEBNOC1002X1,GigabitEthernet0/1/2.1714,LEB-CLUB-LOS-CORTIJOS,1714,172.23.246.201 255.255.255.252,30M,30M,
 VELEBNOC1002X1,GigabitEthernet0/1/2.1716,LEB-IMPORTMED-SPINAL,1716,172.23.246.249 255.255.255.252,40M,40M,
 VELEBNOC1002X1,GigabitEthernet0/1/2.1717,LEB-LIBERTY-BOL,1717,172.23.243.29 255.255.255.252,40M,40M,
 VELEBNOC1002X1,GigabitEthernet0/1/2.1718,LEB-POLINAC,1718,172.23.243.33 255.255.255.252,40M,40M,
 VELEBNOC1002X1,GigabitEthernet0/1/2.1719,LEB-KORES,1719,172.23.243.49 255.255.255.252,40M,40M,
 VELEBNOC1002X1,GigabitEthernet0/1/2.1722,LEB-C-SANTIAGO-LEON,1722,172.23.244.105 255.255.255.252,50M,50M,
 VELEBNOC1002X1,GigabitEthernet0/1/2.1723,LEB-FC-PHARMA,1723,172.23.244.237 255.255.255.252,30M,30M,
 VELEBNOC1002X1,GigabitEthernet0/1/2.1726,LEB-OPS-LOS-RUICES,1726,172.23.244.149 255.255.255.252,30M,30M,
 VELEBNOC1002X1,GigabitEthernet0/1/3(shutdown),,,,,,
 VELEBNOC1002X1,GigabitEthernet0/1/4(shutdown),,,,,,
 VELEBNOC1002X1,GigabitEthernet0/1/5,,,,,,
 VELEBNOC1002X1,GigabitEthernet0/1/5.603,BOL-CHOCOBRU,603,172.23.247.185 255.255.255.252,20M,20M,
 VELEBNOC1002X1,GigabitEthernet0/1/5.604,BOL-CASA-DE-CHARLES,604,172.23.245.17 255.255.255.252,,,
 VELEBNOC1002X1,GigabitEthernet0/1/5.605,RED1-VL605-BOL-HEB-CAM,605,172.23.253.97 255.255.255.252,50M,50M,
 VELEBNOC1002X1,GigabitEthernet0/1/5.606,BOL-WEDOO-TECH,606,172.23.247.249 255.255.255.252,25M,25M,
 VELEBNOC1002X1,GigabitEthernet0/1/5.607(shutdown),RED1-VL607-BOL-VERNON,607,172.23.252.37 255.255.255.252,4M,4M,
 VELEBNOC1002X1,GigabitEthernet0/1/5.608(shutdown),BOL-KRONES,608,172.23.252.45 255.255.255.252,2M,2M,
 VELEBNOC1002X1,GigabitEthernet0/1/5.610,BOL-ARTROGEN,610,172.23.245.173 255.255.255.252,40M,40M,
 VELEBNOC1002X1,GigabitEthernet0/1/5.611,BOL-AXESS-NET,611,172.23.245.249 255.255.255.252,100M,100M,
 VELEBNOC1002X1,GigabitEthernet0/1/5.612,BOL-GPO-GBAL-REFUGIO,612,172.23.245.165 255.255.255.252,50M,50M,
 VELEBNOC1002X1,GigabitEthernet0/1/5.614,RIVOLI-BOSQUE,614,172.23.252.169 255.255.255.252,20M,20M,
 VELEBNOC1002X1,GigabitEthernet0/1/5.615,BOL-JUANVARELA,615,172.23.252.177 255.255.255.252,20M,20M,
 VELEBNOC1002X1,GigabitEthernet0/1/5.616,BOL-CAPI,616,172.23.252.185 255.255.255.252,70M,70M,
 VELEBNOC1002X1,GigabitEthernet0/1/5.617,BOL-TECNO,617,172.23.252.253 255.255.255.252,50M,50M,
 VELEBNOC1002X1,GigabitEthernet0/1/5.619,RED1-VL619-BOL-ASAD-CC,619,172.23.251.53 255.255.255.252,10M,10M,
 VELEBNOC1002X1,GigabitEthernet0/1/5.621(shutdown),RED1-VL621-BOL-COLODRA,621,172.23.251.157 255.255.255.252,2M,2M,
 VELEBNOC1002X1,GigabitEthernet0/1/5.624,RED1-VL624-BOL-VENEIMCA,624,172.23.250.145 255.255.255.252,6M,6M,
 VELEBNOC1002X1,GigabitEthernet0/1/5.625(shutdown),VL625-BOL-CASA-ESTEFANY,625,190.94.210.217 255.255.255.252,6M,6M,
 VELEBNOC1002X1,GigabitEthernet0/1/5.626,RED1-VL626-BOL-BOL-JSIMKIN,626,172.23.250.149 255.255.255.252,20M,20M,
 VELEBNOC1002X1,GigabitEthernet0/1/5.627,RED1-VL627-BOL-BET-SHMUEL-ESTE,627,190.94.210.189 255.255.255.252,4M,4M,
 VELEBNOC1002X1,GigabitEthernet0/1/5.630(shutdown),RED1-VL630-BOL-CHARVENCA-CSP,630,172.23.252.221 255.255.255.252,10M,10M,
 VELEBNOC1002X1,GigabitEthernet0/1/5.633,RED1-VL633-BOL-PEPSICO-PANAM,633,172.23.248.61 255.255.255.252,20M,20M,
 VELEBNOC1002X1,GigabitEthernet0/1/5.635,RED1-VL635-BOL-SMARTCALL,635,172.23.248.97 255.255.255.252,30M,30M,
 VELEBNOC1002X1,GigabitEthernet0/1/5.637,RED1-VL637-BOL-VALORALTA,637,172.23.248.185 255.255.255.252,20M,20M,
 VELEBNOC1002X1,GigabitEthernet0/1/5.638(shutdown),RED1-VL638-BOL-CASA-JACKELIN,638,190.94.208.45 255.255.255.252,6M,6M,
 VELEBNOC1002X1,GigabitEthernet0/1/5.639,RED1-VL639-BOL-REVISTA-EXCLUSIVA,639,172.23.248.213 255.255.255.252,20M,20M,
 VELEBNOC1002X1,GigabitEthernet0/1/5.641,BOL-CONSIS,641,172.23.247.41 255.255.255.252,20M,20M,
 VELEBNOC1002X1,GigabitEthernet0/1/5.642,51200,642,172.23.247.45 255.255.255.252,50M,50M,
 VELEBNOC1002X1,GigabitEthernet0/1/5.644,BOL-HEB-COLEGIO,644,172.23.254.185 255.255.255.252,50M,50M,
 VELEBNOC1002X1,GigabitEthernet0/1/5.645,LEB-HILTI,645,172.23.253.241 255.255.255.252,6M,6M,
 VELEBNOC1002X1,GigabitEthernet0/1/5.647,BOL-OPAS-PRAGMA,647,172.23.247.177 255.255.255.252,30M,30M,
 VELEBNOC1002X1,GigabitEthernet0/1/5.648,BOL-GALPON-NODO,648,190.94.208.221 255.255.255.252,10M,10M,
 VELEBNOC1002X1,GigabitEthernet0/1/5.650,BOL-MICROFILMS,650,172.23.247.173 255.255.255.252,20M,20M,
 VELEBNOC1002X1,GigabitEthernet0/1/5.651,BOL-GALAXIA-MEDICA,651,172.23.245.5 255.255.255.252,40M,40M,
 VELEBNOC1002X1,GigabitEthernet0/1/5.652,BOL-LA-PERLA,652,172.23.245.37 255.255.255.252,10M,10M,
 VELEBNOC1002X1,GigabitEthernet0/1/5.653,BOL-PEPSICO-GALPONES,653,172.23.245.45 255.255.255.252,10M,10M,
 VELEBNOC1002X1,GigabitEthernet0/1/5.654,BOL-CGSI,654,172.23.245.65 255.255.255.252,20M,20M,
 VELEBNOC1002X1,GigabitEthernet0/1/5.656,BOL-OSERCA,656,172.23.245.133 255.255.255.252,20M,20M,
 VELEBNOC1002X1,GigabitEthernet0/1/5.657,BOL-MAPLOCA,657,172.23.245.153 255.255.255.252,20M,20M,
 VELEBNOC1002X1,GigabitEthernet0/1/5.658,BOL-OLTP-URB,658,172.23.255.237 255.255.255.252,20M,20M,
 VELEBNOC1002X1,GigabitEthernet0/1/5.659,BOL-ALBORADA,659,172.23.245.145 255.255.255.252,40M,40M,
 VELEBNOC1002X1,GigabitEthernet0/1/5.660,BOL-PROD_KHYM,660,172.23.245.189 255.255.255.252,40M,40M,
 VELEBNOC1002X1,GigabitEthernet0/1/5.661,BOL-OLTP-ATM,661,172.23.244.65 255.255.255.252,60M,60M,
 VELEBNOC1002X1,GigabitEthernet0/1/5.662,,662,190.94.250.185 255.255.255.252,20M,20M,
 VELEBNOC1002X1,GigabitEthernet0/1/5.664,BOL-CASIO-PPAL-IP,664,172.23.251.161 255.255.255.252,100M,100M,
 VELEBNOC1002X1,GigabitEthernet0/1/5.665,BOL-CASIO-PPAL-MGM,665,172.23.249.81 255.255.255.240,,,
 VELEBNOC1002X1,GigabitEthernet0/1/5.666,BOL-CAUCHOS-MUNDIAL,666,172.23.243.133 255.255.255.252,100M,100M,
 VELEBNOC1002X1,GigabitEthernet0/1/5.667,BOL-LIBERTY-OFINCA,667,172.23.243.209 255.255.255.252,40M,40M,
 VELEBNOC1002X1,GigabitEthernet0/1/5.668,BOL-GRUPO-PHX,668,172.23.243.181 255.255.255.252,60M,60M,
 VELEBNOC1002X1,GigabitEthernet0/1/5.669,BOL-COLEGIO-FRANCIA,669,172.23.243.185 255.255.255.252,200M,200M,
 VELEBNOC1002X1,GigabitEthernet0/1/5.670,BOL-BRANZA-1800,670,172.23.243.221 255.255.255.252,50M,50M,
 VELEBNOC1002X1,GigabitEthernet0/1/5.671,BOL-AGROP-MUNDIAL,671,172.23.243.225 255.255.255.252,50M,50M,
 VELEBNOC1002X1,GigabitEthernet0/1/6,,,,,,
 VELEBNOC1002X1,GigabitEthernet0/1/7,,,,,,
 VELEBNOC1002X1,GigabitEthernet0/1/7.120,LEBH-MAILVE,120,181.225.41.1 255.255.255.240,,,
 VELEBNOC1002X1,GigabitEthernet0/1/7.122,LEBH-MAZARS,122,181.225.40.201 255.255.255.248,10M,10M,
 VELEBNOC1002X1,GigabitEthernet0/1/8(shutdown),,,,,,
 VELEBNOC1002X1,GigabitEthernet0/1/9(shutdown),,,,,,
 VELEBNOC1002X1,TenGigabitEthernet0/2/0,,,,,,
 VELEBNOC1002X1,TenGigabitEthernet0/2/0.29,L3-LEBRUN,29,172.23.249.19 255.255.255.240,,,
 VELEBNOC1002X1,TenGigabitEthernet0/2/0.30,CRED-LEBRUN,30,172.23.249.37 255.255.255.240,,,
 VELEBNOC1002X1,GigabitEthernet0,,,10.0.0.1 255.255.255.252,,,
 VECCSNOC7206X3,Tunnel0,JC-STUFF,,192.168.245.142 255.255.255.252,,,

 VECCSNOC7206X3,Tunnel1(shutdown),,,,,,
 VECCSNOC7206X3,Loopback0,VECCSNOC7206X3,,181.225.41.20 255.255.255.255,,,
 VECCSNOC7206X3,Loopback1,,,181.225.46.247 255.255.255.255,,,
 VECCSNOC7206X3,GigabitEthernet0/1,,,,,,
 VECCSNOC7206X3,GigabitEthernet0/1.9,,9 native,172.23.249.6 255.255.255.240,,,
 VECCSNOC7206X3,GigabitEthernet0/1.30,CRED-LEBRUN,30,172.23.249.36 255.255.255.240,,,
 VECCSNOC7206X3,GigabitEthernet0/2,,,,,,
 VECCSNOC7206X3,GigabitEthernet0/2.1,,1 native,172.23.253.129 255.255.255.248,,,
 VECCSNOC7206X3,GigabitEthernet0/2.101(shutdown),CONEX-CIX-PEERING,101,172.23.255.189 255.255.255.252,,,
 VECCSNOC7206X3,GigabitEthernet0/2.319,,319,190.94.253.121 255.255.255.252,10M,10M,
 VECCSNOC7206X3,GigabitEthernet0/2.678,CONEX-EAGLE,678,172.23.255.41 255.255.255.252,20M,20M,
 VECCSNOC7206X3,GigabitEthernet0/2.683,CONEX-IG-NAGUANAGUA,683,172.23.248.125 255.255.255.252,4M,4M,
 VECCSNOC7206X3,GigabitEthernet0/3,,,,,,
 VECCSNOC7206X3,GigabitEthernet0/3.520,"NEUTRONA - SID82073",520,,,,
 VECCSNOC7206X3,GigabitEthernet0/3.600,NV-CARTONERAMCY,600,172.23.252.153 255.255.255.252,20M,20M,
 VECCSNOC7206X3,GigabitEthernet0/3.602(shutdown),IJDLUD-OFICINA,602,172.23.251.5 255.255.255.252,,,
 VECCSNOC7206X3,GigabitEthernet0/3.603(shutdown),RED4-VL603-IGELIA-TEMPLO,603,172.23.251.9 255.255.255.252,6M,6M,
 VECCSNOC7206X3,GigabitEthernet0/3.604,LAB-ABBOT,604,172.23.251.1 255.255.255.252,4M,4M,
 VECCSNOC7206X3,GigabitEthernet0/3.605,RED4-NV-LAB-VITA,605,172.23.250.53 255.255.255.252,2M,2M,
 VECCSNOC7206X3,GigabitEthernet0/3.606,RED4-VL606-NV-GFT-SOLUCIONES,606,172.23.250.177 255.255.255.252,15M,15M,
 VECCSNOC7206X3,GigabitEthernet0/3.607,RED4-VL607-NV-TODOBOMBAS-PRESIDENTE,607,172.23.250.221 255.255.255.252,20M,20M,
 VECCSNOC7206X3,GigabitEthernet0/3.609,RED4-VL609-NV-DYKASA,609,172.23.248.9 255.255.255.252,20M,20M,
 VECCSNOC7206X3,GigabitEthernet0/3.611,RED4-VL611-NV-LAB-VIVAX,611,172.23.254.173 255.255.255.252,10M,10M,
 VECCSNOC7206X3,GigabitEthernet0/3.612,RED4-VL612-GIORGIO,612,172.23.248.137 255.255.255.252,8M,8M,
 VECCSNOC7206X3,GigabitEthernet0/3.613,RED4-VL613-NV-POLIVENSE,613,172.23.248.157 255.255.255.252,10M,10M,
 VECCSNOC7206X3,GigabitEthernet0/3.615(shutdown),NV-PLAN-SUAREZ,615,172.23.252.193 255.255.255.252,20M,20M,
 VECCSNOC7206X3,GigabitEthernet0/3.1729(shutdown),Embajada-Brasil,1729,172.23.254.113 255.255.255.252,,,
 VECCSNOC7206X3,GigabitEthernet0/3.3574,ITX-2,3574,172.23.253.221 255.255.255.252,6M,6M,
 VECCSNOC7206X3,Serial1/0(shutdown),,,,,,
 VECCSNOC7206X3,Serial1/1(shutdown),,,,,,
 VECCSNOC7206X3,Serial1/2(shutdown),,,,,,
 VECCSNOC7206X3,Serial1/3(shutdown),,,,,,
 VECCSNOC7206X3,GigabitEthernet2/0,RED GPON 1,,,,,
 VECCSNOC7206X3,Serial3/0:3,DIARIO-TAL-CUAL,,200.62.16.229 255.255.255.252,,,
 VECCSNOC7206X3,Serial3/0:4,,,10.255.255.6 255.255.255.252,,,
 VECCSNOC7206X3,Serial3/3:0,Nature-Sunshine,,172.23.254.181 255.255.255.252,,,
 VECCSNOC7206X3,Serial3/5:0,Manufactura_Enveta CANTV_ID:G0638,,172.23.253.237 255.255.255.252,,,
 VECCSNOC7206X3,GigabitEthernet5/0,CCSJ4500CREX1_ge-0/0/17,,,,,
 VECCSNOC7206X3,GigabitEthernet5/0.951,ELUN-UNIVERSAL,951,172.23.254.229 255.255.255.252,15M,15M,
 VECCSNOC7206X3,GigabitEthernet5/0.952,ELUN-JC-SB,952,172.23.249.133 255.255.255.252,50M,50M,
 VECCSNOC7206X3,GigabitEthernet5/0.953,ELUN-CARTONERACCS,953,172.23.252.149 255.255.255.252,50M,50M,
 VECCSNOC7206X3,GigabitEthernet5/0.955,ELUN-BNC2,955,181.225.43.153 255.255.255.248,20M,20M,
 VECCSNOC7206X3,GigabitEthernet5/0.958,ELUN-ELCO,958,172.23.252.229 255.255.255.252,50M,50M,
 VECCSNOC7206X3,GigabitEthernet5/0.965,ELUN-CORP-LAZAM,965,172.23.248.165 255.255.255.252,20M,20M,
 VECCSNOC7206X3,GigabitEthernet5/0.969,ELUN-DIPROMULCA,969,172.23.247.201 255.255.255.252,20M,20M,
 VECCSNOC7206X3,GigabitEthernet5/0.970,ELUN-CVA-CENTRO,970,172.23.245.205 255.255.255.252,40M,40M,
 VECCSNOC7206X3,GigabitEthernet5/0.971,ELUN-ST-GUILLAN,971,172.23.245.217 255.255.255.252,,,
 VECCSNOC7206X3,GigabitEthernet5/0.972,ELUN-MANSAMUSA-GOLD,972,172.23.244.9 255.255.255.252,30M,30M,
 VECCSNOC7206X3,GigabitEthernet5/0.973,ELUN-SINAGOGA-MARIP,973,172.23.252.1 255.255.255.252,20M,20M,
 VECCSNOC7206X3,GigabitEthernet5/0.974,ELUN-CICPC-URDANETA,974,172.23.244.125 255.255.255.252,20M,20M,
 VECCSNOC7206X3,GigabitEthernet5/0.975,ELUN-CICPC-PCARABOBO,975,172.23.244.129 255.255.255.252,20M,20M,
 VECCSNOC7206X3,GigabitEthernet5/0.977,ELUN-FARMARATO,977,172.23.244.225 255.255.255.252,40M,40M,
 VECCSNOC7206X3,GigabitEthernet5/0.980,ELUN-GAMA-SB-SW,980,172.23.244.49 255.255.255.252,,,
 VECCSNOC7206X3,GigabitEthernet5/0.1009,LIBER-CONDOMINIO,1009,181.225.43.249 255.255.255.248,10M,10M,
 VECCSNOC7206X3,GigabitEthernet5/0.1010,LIBER-EMBAJADOR,1010,172.23.252.173 255.255.255.252,5M,5M,
 VECCSNOC7206X3,GigabitEthernet5/0.1013(shutdown),LIBER-SOLUCIONESTI,1013,172.23.251.81 255.255.255.252,50M,50M,
 VECCSNOC7206X3,GigabitEthernet5/0.1015,LIBER-SHAAREI-SHALOM,1015,190.94.210.157 255.255.255.252,4M,4M,
 VECCSNOC7206X3,GigabitEthernet5/0.1018,LIBER-DAV-DUBBING,1018,172.23.248.13 255.255.255.252,50M,50M,
 VECCSNOC7206X3,GigabitEthernet5/0.1020,LIBER-MORE,1020,172.23.248.81 255.255.255.252,20M,20M,
 VECCSNOC7206X3,GigabitEthernet5/0.1029,LIBER-FCHACON1,1029,190.94.208.169 255.255.255.252,5M,5M,
 VECCSNOC7206X3,GigabitEthernet5/0.1030,LIBER-SOAINT,1030,172.23.247.93 255.255.255.252,50M,50M,
 VECCSNOC7206X3,GigabitEthernet5/0.1044,LIBER-KS2,1044,172.23.244.33 255.255.255.252,50M,50M,
 VECCSNOC7206X3,GigabitEthernet5/0.1204,SINAI-CAMARAS,1204,190.94.210.129 255.255.255.252,4M,4M,
 VECCSNOC7206X3,GigabitEthernet5/0.1209(shutdown),SINAI-SACVEN,1209,172.23.253.201 255.255.255.252,40M,40M,
 VECCSNOC7206X3,GigabitEthernet5/0.1213,SINAI-FAROCA-KISMTET,1213,172.23.244.193 255.255.255.252,,,
 VECCSNOC7206X3,GigabitEthernet5/0.1215,SINAI-FAROCA-KISMTET-IP,1215,172.23.244.41 255.255.255.252,30M,30M,
 VECCSNOC7206X3,Serial6/1:3(shutdown),Telas Lafaven,,,,,
 VECCSNOC7206X3,Serial6/2:0,,,200.62.18.141 255.255.255.252,,,
 VECCSNOC7206X3,Serial6/3:0,BANCO_PLAZA_SABANA-GRANDE/NETUNO_ID:5314,,,,,
 VECCSNOC7206X3,Serial6/3:1,BANCO_PLAZA_IBM-CUBONEGRO/NETUNO_ID:5522,,,,,
 VECCSNOC7206X3,Serial6/4:0,T-Net,,200.35.83.6 255.255.255.252,,LOW-LATENCY,
 VECCSNOC7206X3,Serial6/6:0,IGLESIA-JESUCRISTO_CANTV_ID:E9977,,172.23.255.225 255.255.255.252,,,
 VECCSNOC7206X3,Serial6/7:0,57962 #- MPLS #- 1024_S6/7:0 #- 1064_EMPRESA DE TELECOMUNICACIONES DE BOGOTA S.A ESP #- Opciones Administrativas La Victoria LA VICTORIA VENEZUELA: Zona Industrial Soco frente Venceramica La Victoria-Estado Aragua #- CANTV,,192.168.164.5 255.255.255.252,1M,1M,
VECCSNOCJM120x1,xe-0/0/0 ,,,,,,
VECCSNOCJM120x1,xe-1/0/0 ,,,,,,
VECCSNOCJM120x1,ge-2/0/0 ,"SID85070 -# EPL -# 1_Mbps -# VLAN:460 -# IFX_VENEZUELA",460,,,,
VECCSNOCJM120x1,ge-2/0/0 ,INTERJURIS,553,172.23.251.29/30,40m,40m
VECCSNOCJM120x1,ge-2/0/0 ,,554,172.23.252.161/30,PROFIT,PROFIT
VECCSNOCJM120x1,ge-2/0/0 ,GALI-OVEJA-NEGRA,558,172.23.251.125/30,50m,50m
VECCSNOCJM120x1,ge-2/0/0 ,GALI_ORIENTAL,566,172.23.247.229/30,60m,60m
VECCSNOCJM120x1,ge-2/0/0 ,RED1-VL588-GALI-FONDO-DE-VALORES,588,172.23.248.169/30,100m,100m
VECCSNOCJM120x1,ge-2/0/0 ,GALI-FINANTRUST,595,172.23.247.233/30,20m,20m
VECCSNOCJM120x1,ge-2/0/0 ,GALI-NEUTRONA-ROSNEFT,596,,,,
VECCSNOCJM120x1,ge-2/0/0 ,GALI-NEUTRONA-BANESCO-SEGUROS,600,,,,
VECCSNOCJM120x1,ge-2/0/0 ,BOL-ASAD,618,172.23.251.25/30,10m,10m
VECCSNOCJM120x1,ge-2/0/0 ,"BOL-RIVOLI-BOSQUE;",620,172.23.251.117/30,20M+NETFLIX+YT
VECCSNOCJM120x1,ge-2/0/0 ,,623,172.23.250.117/30,50m,50m
VECCSNOCJM120x1,ge-2/0/0 ,BNC3_OLD-EDC455,956,181.225.41.113/28,20m,20m
VECCSNOCJM120x1,ge-2/0/0 ,BNC4_OLD-EDC456,957,181.225.41.97/28,,
VECCSNOCJM120x1,ge-2/0/0 ,,1008,172.23.252.165/30,20m,20m
VECCSNOCJM120x1,ge-2/0/0 ,,1012,172.23.251.57/30,20m,20m
VECCSNOCJM120x1,ge-2/0/0 ,RED1-VL1014-LIBER-COL-SINAI,1014,172.23.255.157/30,10m,10m
VECCSNOCJM120x1,ge-2/0/0 ,CANTV-SYMRISE-Neutrona_ID84841,1033,,,,
VECCSNOCJM120x1,ge-2/0/0 ,LIBER-NEUTRONA-TORRE-POLAR,1038,,,,
VECCSNOCJM120x1,ge-2/0/0 ,LIBER-SOL-COELLO-P17,1040,172.23.245.25/30,COELLO17,COELLO-CDN17
VECCSNOCJM120x1,ge-2/0/0 ,CUBON-CONDOMINIO,1051,172.23.252.237/30,20m,20m
VECCSNOCJM120x1,ge-2/0/0 ,CUBO-NEKSO,1052,172.23.251.13/30,5m,5m
VECCSNOCJM120x1,ge-2/0/0 ,"84712 -# L3VPN -# 1_Mbps -# TATA_COMMUNICATIONS-NEUTRONA -# VLAN:606 -# IFX_VENEZUELA",1053,,,,
VECCSNOCJM120x1,ge-2/0/0 ,MCCY-TECNO-URB,1104,172.23.251.41/30,10m,10m
VECCSNOCJM120x1,ge-2/0/0 ,,1121,2803:d480:0:71::8053/64,VENSITE,VENSITE
VECCSNOCJM120x1,ge-2/0/0 ,RED1-VL1504-PCR-MEDICOS-SIN-FRONT,1504,172.23.248.161/30,100m,100m
VECCSNOCJM120x1,ge-2/0/0 ,PCR-FCO-NEUTRONA/NEUTRONA_ID:90604,1523,,,,
VECCSNOCJM120x1,ge-2/0/1 ,,212,172.23.245.129/30,50m,50m
VECCSNOCJM120x1,ge-2/0/1 ,"SINAI-DIRECTV/NEUTRONA SID90595",1205,,,,
VECCSNOCJM120x1,ge-2/0/1 ,PCR-CAYORMA/NEUTRONA,1506,,,,
VECCSNOCJM120x1,ge-2/0/2 ,,700,172.23.255.253/30,,
VECCSNOCJM120x1,ge-2/0/2 ,CANTV_ME_ID:7183-0001640/IFX_PORT:2301-0152591,851,172.23.255.249/30,,
VECCSNOCJM120x1,ge-2/0/3 ,,,,,,
VECCSNOCJM120x1,so-2/1/0 ,,,,,,
VECCSNOCJM120x1,ge-3/0/0 ,,,,,,
VECCSNOCJM120x1,so-3/0/0 ,,0,,,,
VECCSNOCJM120x1,ge-3/0/1 ,,,,,,
VECCSNOCJM120x1,ge-3/0/2 ,,,,,,
VECCSNOCJM120x1,ge-3/0/3 ,CRED-NERVICOM,100,2803:d480:0:72::1/64,NERVICOM,NERVICOM
VECCSNOCJM120x1,ge-3/1/0 ,,,,,,
VECCSNOCJM120x1,ge-3/1/1 ,GPON-LIBER-NETWORK-CONSUL,3001,172.23.246.65/30,50m,50m
VECCSNOCJM120x1,ge-3/1/1 ,LIBER-SURAMERICA-ESP,3003,172.23.247.61/30,300m,300m
VECCSNOCJM120x1,ge-3/1/1 ,GPON-LIBER-CORP-JHA,3004,172.23.247.181/30,500m,500m
VECCSNOCJM120x1,ge-3/1/1 ,GPON-LIBER-NUBOTEK-FIBRA,3007,172.23.253.217/30,50m,50m
VECCSNOCJM120x1,ge-3/1/1 ,LIBER-CONSULTORES-SC,3009,172.23.247.189/30,50m,50m
VECCSNOCJM120x1,ge-3/1/1 ,GPON1-LIBER-AMNISTIA,3011,172.23.246.73/30,20m,20m
VECCSNOCJM120x1,ge-3/1/1 ,GPON1-LIBER-MACROTEL,3012,172.23.246.77/30,40m,40m
VECCSNOCJM120x1,ge-3/1/1 ,GPON1-LIBER-PLUS-CONTACT,3013,172.23.246.81/30,20m,20m
VECCSNOCJM120x1,ge-3/1/1 ,GPON1-LIBER-SELINGER-GROUP,3014,172.23.247.5/30,20m,20m
VECCSNOCJM120x1,ge-3/1/1 ,GPON1-LIBER-DIRECTA-GROUP,3015,172.23.246.93/30,60m,60m
VECCSNOCJM120x1,ge-3/1/1 ,GPON1-LIBER-EMB-PAISES-BAJOS,3016,172.23.246.97/30,40m,40m
VECCSNOCJM120x1,ge-3/1/1 ,GPON1-LIBER-QUINTA-ARCADIA,3017,172.23.246.101/30,20m,20m
VECCSNOCJM120x1,ge-3/1/1 ,GPON1-LIBER-CORP-ASIA,3018,172.23.246.41/30,40m,40m
VECCSNOCJM120x1,ge-3/1/1 ,GPON1-LIBER-QTA-SAN-LUIS,3019,172.23.246.45/30,50m,50m
VECCSNOCJM120x1,ge-3/1/1 ,LIBER-QTA-PIKAPU,3020,172.23.246.145/30,50m,50m
VECCSNOCJM120x1,ge-3/1/1 ,LIBER-QTA-SETORRAY,3021,172.23.246.109/30,50m,50m
VECCSNOCJM120x1,ge-3/1/1 ,LIBER-QTA-EL-RINCON,3022,172.23.246.169/30,50m,50m
VECCSNOCJM120x1,ge-3/1/1 ,LIBER-QTA-EL-SAMAN,3023,172.23.246.173/30,60m,60m
VECCSNOCJM120x1,ge-3/1/1 ,QTA-SALTAMONTES,3024,172.23.246.49/30,50m,50m
VECCSNOCJM120x1,ge-3/1/1 ,LIBER-COUNTRY-CLUB,3025,172.23.246.193/30,100m,100m
VECCSNOCJM120x1,ge-3/1/1 ,LIBER-AISVE,3026,172.23.252.241/30,40m,40m
VECCSNOCJM120x1,ge-3/1/1 ,GPON1-SALVAFOOD-PZA-VZLA,3028,172.23.246.229/30,50m,50m
VECCSNOCJM120x1,ge-3/1/1 ,LIB-SOFTECH,3029,172.23.243.1/30,40m,40m
VECCSNOCJM120x1,ge-3/1/1 ,LIB-BEYOND-CC,3030,172.23.251.145/30,80m,80m
VECCSNOCJM120x1,ge-3/1/1 ,LIB-LAB-BEHRENS,3031,172.23.251.149/30,60m,60m
VECCSNOCJM120x1,ge-3/1/1 ,LIB-QUINTA-RE,3032,172.23.251.157/30,60m,60m
VECCSNOCJM120x1,ge-3/1/1 ,LIB-CLEA-TELECOM,3033,172.23.243.57/30,50m,50m
VECCSNOCJM120x1,ge-3/1/1 ,GPON1-CRED-JRL,3100,172.23.246.21/30,50m,50m
VECCSNOCJM120x1,ge-3/1/1 ,GPON1-CRED-CONSULTORES-AMD,3102,172.23.246.85/30,20m,20m
VECCSNOCJM120x1,ge-3/1/1 ,CRED-UVI-TECH,3103,172.23.248.109/30,50m,50m
VECCSNOCJM120x1,ge-3/1/1 ,GALI-GLOBAL-UNO,3200,172.23.246.129/30,50m,50m
VECCSNOCJM120x1,ge-3/1/1 ,GPON1-GALI-PURO-PAGO,3201,172.23.246.137/30,60m,60m
VECCSNOCJM120x1,ge-3/1/1 ,GALI-POR-LA-PASTORA,3202,172.23.246.141/30,60m,60m
VECCSNOCJM120x1,ge-3/1/1 ,IT-BUSINESS,3203,172.23.246.149/30,50m,50m
VECCSNOCJM120x1,ge-3/1/1 ,GALI-TORINO,3204,172.23.250.1/30,60m,60m
VECCSNOCJM120x1,ge-3/1/1 ,GALI-VIVIR-SEGUROS,3205,172.23.246.153/30,40m,40m
VECCSNOCJM120x1,ge-3/1/1 ,GPON1-GALI-LAN-SUPPORT,3207,172.23.246.161/30,50m,50m
VECCSNOCJM120x1,ge-3/1/1 ,GPON1-GALI-ACQUA-FONTANA,3208,172.23.250.69/30,50m,50m
VECCSNOCJM120x1,ge-3/1/1 ,GALI-MAESTRE,3209,172.23.246.177/30,20m,20m
VECCSNOCJM120x1,ge-3/1/1 ,GALI-REVERON,3210,172.23.250.33/30,70m,70m
VECCSNOCJM120x1,ge-3/1/1 ,GALI-REVERON-2,3211,172.23.246.197/30,50m,50m
VECCSNOCJM120x1,ge-3/1/1 ,GALI-SISNET-LIDO,3212,172.23.246.205/30,100m,100m
VECCSNOCJM120x1,ge-3/1/1 ,GPON1-GALI-HEFZIBA,3214,172.23.246.245/30,100m,100m
VECCSNOCJM120x1,ge-3/1/1 ,GALI-AGRO-AGUADIA,3215,172.23.244.81/30,50m,50m
VECCSNOCJM120x1,ge-3/1/1 ,GALI-ESMARTKEEP,3216,172.23.246.125/30,40m,40m
VECCSNOCJM120x1,ge-3/1/1 ,GALI-ALPHATECH,3217,172.23.246.61/30,40m,40m
VECCSNOCJM120x1,ge-3/1/1 ,GALI-VECIIINO,3218,172.23.246.217/30,50m,50m
VECCSNOCJM120x1,ge-3/1/1 ,GALI-PERLA-DEL-SUR-2,3219,172.23.243.21/30,40m,40m
VECCSNOCJM120x1,ge-3/1/1 ,GALI-ANALITICOM,3220,172.23.243.17/30,40m,40m
VECCSNOCJM120x1,ge-3/1/1 ,GALI-PROPERTY,3221,172.23.243.25/30,40m,40m
VECCSNOCJM120x1,ge-3/1/1 ,GALI-PANEL-SYSTEMS,3222,172.23.243.53/30,60m,60m
VECCSNOCJM120x1,ge-3/1/1 ,GALI-DIVIDENDO-VOLUNTARIO,3223,172.23.243.65/30,100m,100m
VECCSNOCJM120x1,ge-3/1/1 ,GALI-CORP-MAESTRE-P5,3224,172.23.243.77/30,15m,15m
VECCSNOCJM120x1,ge-3/1/1 ,GALI-OPTIDIALER,3225,172.23.243.161/30,40m,40m
VECCSNOCJM120x1,ge-3/1/1 ,,3226,172.23.243.113/30,40m,40m
VECCSNOCJM120x1,ge-3/1/1 ,TUNO-CLUB-PTO-AZUL,3250,2803:d480:0:61::8053/64,40m,40m
VECCSNOCJM120x1,ge-3/1/1 ,TUNO-ESP-ORIENTALES,3251,172.23.243.41/30,40m,40m
VECCSNOCJM120x1,ge-3/1/1 ,TUNO-COPIKON,3252,172.23.243.45/30,40m,40m
VECCSNOCJM120x1,ge-3/1/1 ,TUNO-LOCATEL-SM,3253,172.23.253.101/30,50m,50m
VECCSNOCJM120x1,ge-3/1/1 ,TUNO-CORP-CALL-77,3258,172.23.243.141/30,100m,100m
VECCSNOCJM120x1,ge-3/1/1 ,TUNO-REINALDO,3260,190.94.199.45/30,100m,100m
VECCSNOCJM120x1,ge-3/1/1 ,TUNO-MDA-TV,3261,172.23.243.93/30,60m,60m
VECCSNOCJM120x1,ge-3/1/1 ,TUNO-ASA-STEKI,3262,172.23.244.241/30,20m,20m
VECCSNOCJM120x1,ge-3/1/1 ,TUNO-SKYTEX,3263,172.23.244.249/30,20m,20m
VECCSNOCJM120x1,ge-3/1/1 ,TUNO-PRODEC,3265,172.23.243.173/30,40m,40m
VECCSNOCJM120x1,ge-3/1/2 ,CANTV_VLAN:720_ID:1000002193_Circuito:2301-0152284/9216-0006062,720,172.23.252.157/30,,
VECCSNOCJM120x1,ge-3/1/3 ,CANTV-PEER,980,172.23.255.233/30,,
VECCSNOCJM120x1,so-3/2/0 ,,,,,,
VECCSNOCJM120x1,so-3/2/1 ,TVZ:CANTV-G2343/2221-0167846/ORDEN:I14ICP20691,0,172.23.254.221/30,,
VECCSNOCJM120x1,so-3/2/2 ,,0,172.23.253.85/30,,
VECCSNOCJM120x1,so-3/2/3 ,TVZ:CANTV-G3086/2301-0168564/ORDEN:I15ICP01618,0,172.23.253.93/30,,
VECCSNOCJM120x1,ge-3/3/0 ,CRED-FCHACON-ARC,9,190.94.208.9/30,40m,40m
VECCSNOCJM120x1,ge-3/3/0 ,,29,2803:d480:0:80:0:0:0:3eb1/124,,
VECCSNOCJM120x1,ge-3/3/1 ,TVZ-2021,0,172.23.255.205/30,,
VECCSNOCJM120x1,ge-3/3/2 ,MON-BAS-BOL,12,172.23.254.201/30,,
VECCSNOCJM120x1,ge-3/3/2 ,MON-BAS-ONIX,13,172.23.254.225/30 ,,
VECCSNOCJM120x1,ge-3/3/2 ,MON-BAS-TUNO,15,172.23.254.197/30,,
VECCSNOCJM120x1,ge-3/3/2 ,MON-BAS-TMERCEDES,16,172.23.254.193/30,,
VECCSNOCJM120x1,ge-3/3/2 ,RED_MGMT_FIBER_POP,17,172.23.254.145/28,,
VECCSNOCJM120x1,ge-3/3/2 ,,117,190.94.210.213/30,30m,30m
VECCSNOCJM120x1,ge-3/3/2 ,SexyCaracas_Hosting,119,190.94.210.237/30,10m,10m
VECCSNOCJM120x1,ge-3/3/2 ,,200,181.225.44.185/29,50m,50m
VECCSNOCJM120x1,ge-3/3/2 ,,201,181.225.44.177/29,20m,20m
VECCSNOCJM120x1,ge-3/3/2 ,TC-WIMAC-SYS,202,172.23.253.229/30,15m,15m
VECCSNOCJM120x1,ge-3/3/2 ,MCCY-LASER,206,172.23.247.85/30,20m,20m
VECCSNOCJM120x1,ge-3/3/2 ,MCCY-GRUPO-PRINCIPAL,207,172.23.247.129/30,10m,10m
VECCSNOCJM120x1,ge-3/3/2 ,,209,172.23.245.73/30,10m,10m
VECCSNOCJM120x1,ge-3/3/2 ,MCCY-JETCIVEN,211,172.23.245.101/30,20m,20m
VECCSNOCJM120x1,ge-3/3/2 ,CRED-ORIENTAL-COBRE,256,172.23.250.5/30,30m,30m
VECCSNOCJM120x1,ge-3/3/2 ,CRED-GESTION-OLT,260,172.23.252.85/30,ACCESO-TELNET112021
VECCSNOCJM120x1,ge-3/3/2 ,CRED-HERBALIFE,267,172.23.245.245/30,50m,50m
VECCSNOCJM120x1,ge-3/3/2 ,CRED-FCHACON,272,181.225.48.41/29,10m,10m
VECCSNOCJM120x1,ge-3/3/2 ,CRED-PROTOCOLO,277,172.23.255.105/30,40m,40m
VECCSNOCJM120x1,ge-3/3/2 ,CRED-FCHACON,278,190.94.253.137/30,40m,40m
VECCSNOCJM120x1,ge-3/3/2 ,TUNO-HECTICUS,482,172.23.247.193/30,50m,50m
VECCSNOCJM120x1,ge-3/3/2 ,TUNO-INTERVIT,484,172.23.245.233/30,50m,50m
VECCSNOCJM120x1,ge-3/3/2 ,TUNO-CONSEIN,487,172.23.253.249/30,50m,50m
VECCSNOCJM120x1,ge-3/3/2 ,TUNO-STMORITZ-IP-BAN,497,172.23.245.85/30,100m,100m
VECCSNOCJM120x1,ge-3/3/2 ,TUNO-STMORITZ-SW-BAN,498,172.23.244.233/30,,
VECCSNOCJM120x1,ge-3/3/2 ,TUNO-STMORITZ-SW-PAL,499,172.23.243.81/30,,
VECCSNOCJM120x1,ge-3/3/2 ,PARC-BASTIDOR,503,172.23.255.177/30,ACCESO-TELNET022018
VECCSNOCJM120x1,ge-3/3/2 ,GALI-FONDOGLOBAL,551,172.23.255.229/30,20m,20m
VECCSNOCJM120x1,ge-3/3/2 ,GALI-ALCALDIA,552,172.23.255.209/30,60m,60m
VECCSNOCJM120x1,ge-3/3/2 ,GALI_EVEBA,555,172.23.251.69/30,40m,40m
VECCSNOCJM120x1,ge-3/3/2 ,GALI-VENCRED,556,172.23.251.65/30,40m,40m
VECCSNOCJM120x1,ge-3/3/2 ,GALI-ARAQUE,557,172.23.251.105/30,20m,20m
VECCSNOCJM120x1,ge-3/3/2 ,GALI-ZURICH,559,172.23.251.121/30,60m,60m
VECCSNOCJM120x1,ge-3/3/2 ,GALI-PACIF,562,172.23.255.121/30,40m,40m
VECCSNOCJM120x1,ge-3/3/2 ,GALI-CONDOMINIO,563,172.23.251.37/30,20m,20m
VECCSNOCJM120x1,ge-3/3/2 ,GALI-FAO,565,172.23.250.9/30,10m,10m
VECCSNOCJM120x1,ge-3/3/2 ,GALI-BC-GESTION,567,172.23.254.233/30,,
VECCSNOCJM120x1,ge-3/3/2 ,GALI-DANIEL-ISA,572,172.23.250.73/30,30m,30m
VECCSNOCJM120x1,ge-3/3/2 ,GALI-NODUS-BANK,573,172.23.250.225/30,50m,50m
VECCSNOCJM120x1,ge-3/3/2 ,GALI-FONDOGLOBAL2,574,172.23.252.49/30,20m,20m
VECCSNOCJM120x1,ge-3/3/2 ,GALI-INST-ITALIANO,575,172.23.248.25/30,,
VECCSNOCJM120x1,ge-3/3/2 ,GALI-IGLESIA-CAM-ALEG,576,172.23.248.29/30,20m,20m
VECCSNOCJM120x1,ge-3/3/2 ,GALI-MS-MB,579,172.23.254.21/30,,
VECCSNOCJM120x1,ge-3/3/2 ,GALI-MS-SOLANO,580,172.23.254.17/30,,
VECCSNOCJM120x1,ge-3/3/2 ,GALI-MS-DALIA-R,581,172.23.253.117/30,20m,20m
VECCSNOCJM120x1,ge-3/3/2 ,GALI-MS-INT-10-2,586,190.94.211.49/29,10m,10m
VECCSNOCJM120x1,ge-3/3/2 ,GALI-SEPAGOS,591,172.23.247.81/30,60m,60m
VECCSNOCJM120x1,ge-3/3/2 ,GALI-VHICOA,592,172.23.247.145/30,30m,30m
VECCSNOCJM120x1,ge-3/3/2 ,GALI-CONTRUCTORA-IHI,593,172.23.247.141/30,30m,30m
VECCSNOCJM120x1,ge-3/3/2 ,GALI-ZUMA-SEGUROS,594,172.23.247.153/30,30m,30m
VECCSNOCJM120x1,ge-3/3/2 ,GALI-BEKESANTOS,598,172.23.247.213/30,20m,20m
VECCSNOCJM120x1,ge-3/3/2 ,CASA-ESTEFANY,625,190.94.210.217/30,10m,10m
VECCSNOCJM120x1,ge-3/3/2 ,BOL-CASA-JACKELIN,638,190.94.208.45/30,10m,10m
VECCSNOCJM120x1,ge-3/3/2 ,TMER-AP,803,172.23.251.49/30,10m,10m
VECCSNOCJM120x1,ge-3/3/2 ,TMER-CONDOMINIO,805,181.225.48.9/29,10m,10m
VECCSNOCJM120x1,ge-3/3/2 ,TMER-MGL,806,172.23.244.185/30,40m,40m
VECCSNOCJM120x1,ge-3/3/2 ,TMER-SAMSUNG-EUROB,807,172.23.243.125/30,60m,60m
VECCSNOCJM120x1,ge-3/3/2 ,TPAR-PARMALAT,851,172.23.252.41/30,150m,150m
VECCSNOCJM120x1,ge-3/3/2 ,ELUN-MB-INT-1,961,190.94.211.41/29,80m,80m
VECCSNOCJM120x1,ge-3/3/2 ,CUBO-KUWAIT-IFX,1055,172.23.251.185/30,50m,50m
VECCSNOCJM120x1,ge-3/3/2 ,CUBO-CLETECI,1057,172.23.250.13/30,10m,10m
VECCSNOCJM120x1,ge-3/3/2 ,CUBO-MARSHAL,1058,172.23.250.61/30,10m,10m
VECCSNOCJM120x1,ge-3/3/2 ,CUBO-ALFONSORCHUAO,1059,172.23.250.37/30,50m,50m
VECCSNOCJM120x1,ge-3/3/2 ,CUBO-CUBICULOS-Y-PAP,1062,172.23.248.17/30,10m,10m
VECCSNOCJM120x1,ge-3/3/2 ,CUBO-OLTP,1063,172.23.248.145/30,50m,50m
VECCSNOCJM120x1,ge-3/3/2 ,CUBO-GRANOS-DIGITALES,1064,172.23.247.29/30,50m,50m
VECCSNOCJM120x1,ge-3/3/2 ,CUBO-PIZZOLANTE,1065,172.23.247.101/30,50m,50m
VECCSNOCJM120x1,ge-3/3/2 ,CUBON-MUDANZAS-INTERNACIONALES,1066,172.23.250.173/30,20m,20m
VECCSNOCJM120x1,ge-3/3/2 ,CUBO-ALCOHOLES-DEL-CARIBE,1068,172.23.245.81/30,20m,20m
VECCSNOCJM120x1,ge-3/3/2 ,CUBO-ALTUM,1070,172.23.245.201/30,50m,50m
VECCSNOCJM120x1,ge-3/3/2 ,CUBO-ASESORIA-FINAN,1071,172.23.245.221/30,40m,40m
VECCSNOCJM120x1,ge-3/3/2 ,CUBO-E/S-CHUAO,1072,172.23.245.161/30,20m,20m
VECCSNOCJM120x1,ge-3/3/2 ,CUBO-POSCOMERCIAL,1073,172.23.245.1/30,50m,50m
VECCSNOCJM120x1,ge-3/3/2 ,CUBO-IMPORTADORA-MERAKI,1074,172.23.244.145/30,40m,40m
VECCSNOCJM120x1,ge-3/3/2 ,CUBO-BBO-CAPITAL,1075,172.23.244.169/30,40m,40m
VECCSNOCJM120x1,ge-3/3/2 ,CUBO-GESTION-OLT,1076,172.23.252.225/30,,
VECCSNOCJM120x1,ge-3/3/2 ,ANAU-QUINTA,1152,190.94.210.205/30,20m,20m
VECCSNOCJM120x1,ge-3/3/2 ,ANAU-ROUTER-PARQUE,1153,172.23.250.141/30,10m,10m
VECCSNOCJM120x1,ge-3/3/2 ,ANAU-UNION-ISRAELITA,1154,190.94.218.9/29,10m,10m
VECCSNOCJM120x1,ge-3/3/2 ,ANAU-YESHIVA,1155,190.94.210.169/30,10m,10m
VECCSNOCJM120x1,ge-3/3/2 ,ANAU-BEIT-JOSEPH,1156,190.94.210.165/30,10m,10m
VECCSNOCJM120x1,ge-3/3/2 ,ANAU-BEIT-AVOT-CAM,1157,190.94.210.161/30,10m,10m
VECCSNOCJM120x1,ge-3/3/2 ,ANAU-BEIT-AVOT,1160,172.23.245.33/30,10m,10m
VECCSNOCJM120x1,ge-3/3/2 ,SINAI-BET-SHMUEL,1201,190.94.210.141/30,20m,20m
VECCSNOCJM120x1,ge-3/3/2 ,SINAI-BET-ABRAHAM,1202,190.94.210.137/30,10m,10m
VECCSNOCJM120x1,ge-3/3/2 ,SINAI-QUINTA-MILU,1203,190.94.210.133/30,10m,10m
VECCSNOCJM120x1,ge-3/3/2 ,SINAI-VENEVISION,1206,172.23.248.197/30,100m,100m
VECCSNOCJM120x1,ge-3/3/2 ,SINAI-VENE-SAMIRA,1207,172.23.248.201/30,40m,40m
VECCSNOCJM120x1,ge-3/3/2 ,GALI-TEACHLRCORP-1881,1552,172.23.245.69/30,10m,10m
VECCSNOCJM120x1,ge-3/3/2 ,GALI-AGENCIA-DE-FUTBOL,1553,172.23.245.57/30,10m,10m
VECCSNOCJM120x1,ge-3/3/2 ,GALI-BIXA,1555,172.23.245.137/30,20m,20m
VECCSNOCJM120x1,ge-3/3/2 ,GALI-PERLA-DEL-SUR,1556,172.23.245.253/30,20m,20m
VECCSNOCJM120x1,ge-3/3/2 ,GALI-MRW,1559,172.23.244.21/30,20m,20m
VECCSNOCJM120x1,ge-3/3/2 ,GALI-POLICIA-CHACAO,1560,172.23.244.17/30,20m,20m
VECCSNOCJM120x1,ge-3/3/2 ,GALI-CARACASR-POLICLI,1564,190.94.250.193/30,60m,60m
VECCSNOCJM120x1,ge-3/3/2 ,GALI-BPLAZA-TC-MGMT,1570,172.23.244.213/30,,
VECCSNOCJM120x1,ge-3/3/3 ,VECCSNOC3750X4_Giga1/0/5,2,172.23.250.121/29,,
VECCSNOCJM120x1,ge-3/3/3 ,CANTV-SINAGOGA_BetAtharon,755,172.23.253.81/30,,
VECCSNOCJM120x1,ge-3/3/3 ,CANTV-IGLESIAJSUD,820,172.23.252.21/30,,
VECCSNOCJM120x1,ge-3/3/3 ,CANTV-ARMADA-OCHINA-LG,950,172.23.255.181/30,,
VECCSNOCJM120x1,so-4/0/0 ,,,,,,
VECCSNOCJM120x1,ge-5/0/0 ,CCSJ4500CREX1_xe-0/0/24,1,172.23.253.1/26,ACCESO-TELNET022018
VECCSNOCJM120x1,ge-5/0/0 ,TUNO-CLUB-VALLE-ARRIBA,489,181.225.53.81/29,200m,200m
VECCSNOCJM120x1,ge-5/0/0 ,TUNO-NODOV-QTA-MARACA,491,181.225.53.129/29,300m,300m
VECCSNOCJM120x1,ge-5/0/0 ,PCR-EMB-BRASIL,516,172.23.254.113/30,100m,100m
VECCSNOCJM120x1,ge-5/0/0 ,PCR-SCOUT-TECNOLOGIA,526,172.23.251.181/30,50m,50m
VECCSNOCJM120x1,ge-5/0/0 ,PCR-VICTORIA-HOLDING,533,172.23.250.153/30,80m,80m
VECCSNOCJM120x1,ge-5/0/0 ,RED1-VL577-GALI-MS-INT-20,577,172.23.254.5/30,150m,150m
VECCSNOCJM120x1,ge-5/0/0 ,RED1-VL578-GALI-MS-INT-10-1,578,190.94.211.33/29,20m,20m
VECCSNOCJM120x1,ge-5/0/0 ,GALI-MAZAR,582,172.23.253.205/30,50m,50m
VECCSNOCJM120x1,ge-5/0/0 ,GALI_RES,583,2803:d480:1:0:0:0:0:8053/64,,
VECCSNOCJM120x1,ge-5/0/0 ,GALI-PRIMTEK-27,589,172.23.248.225/30,200m,200m
VECCSNOCJM120x1,ge-5/0/0 ,ELUN-BNC,954,181.225.43.161/29,100m,100m
VECCSNOCJM120x1,ge-5/0/0 ,ELUN-INV-PENA,979,172.23.244.77/30,160m,160m
VECCSNOCJM120x1,ge-5/0/0 ,RED1-VL1022-LIBER-QUALCOM,1022,2803:d480:0:70::8053/64,QUALCOM,QUALCOM
VECCSNOCJM120x1,ge-5/0/0 ,LIBER-CARACAS-RED-TELECOM,1041,2803:d480:0:7b::8053/64,CCSRED,CCSRED
VECCSNOCJM120x1,ge-5/0/0 ,LIBER-DORAL-PRAG,1042,172.23.245.125/30,,
VECCSNOCJM120x1,ge-5/0/0 ,,1043,172.23.246.33/30,300m,300m
VECCSNOCJM120x1,ge-5/0/0 ,GPON-LIBER-QUINTA-SOLERA,1045,172.23.246.69/30,QTASOLERA,QTASOLERA
VECCSNOCJM120x1,ge-5/0/0 ,CUBO-PLATC-EU,1069,2803:d480:0:83::8053/64,PLATCOMM-EU,PLATCOMM-EU
VECCSNOCJM120x1,ge-5/0/0 ,CUBO-KAYSEN,1077,172.23.243.149/30,50m,50m
VECCSNOCJM120x1,ge-5/0/0 ,SINAI-MK_RES,1211,2803:d480:0:62::8053/64,,
VECCSNOCJM120x1,ge-5/0/0 ,PCR-BANCAMIGA,1505,190.94.245.201/29,100m,100m
VECCSNOCJM120x1,ge-5/0/0 ,PCR-ABC-FINANCE,1510,190.94.245.49/29,100m,100m
VECCSNOCJM120x1,ge-5/0/0 ,PCR-GRUPO-OSEO,1531,172.23.254.41/30,200m,200m
VECCSNOCJM120x1,ge-5/0/0 ,,1534,2803:d480:1:0100:0:0:0:8053/64,,
VECCSNOCJM120x1,ge-5/0/0 ,GALI-TELENET,1565,172.23.244.133/30,TELENET,TELENET
VECCSNOCJM120x1,ge-5/0/0 ,GALI-BC-IP,1567,190.94.245.249/29,100m,100m
VECCSNOCJM120x1,ge-5/0/0 ,,1606,172.23.245.177/30,50m,50m
VECCSNOCJM120x1,ge-5/0/0 ,PCR-QTA-SERRANA,1611,172.23.248.45/30,300m,300m
VECCSNOCJM120x1,ge-5/0/0 ,PCR-PIDEYUMMY,1612,172.23.246.37/30,300m,300m
VECCSNOCJM120x1,ge-5/0/0 ,PCR-EMB-PAISES-BAJOS,1614,172.23.246.105/30,80m,80m
VECCSNOCJM120x1,ge-5/0/0 ,PCR-ADANFARMA,1620,172.23.244.93/30,100m,100m
VECCSNOCJM120x1,ge-5/0/0 ,PCR-DORAVILA,1621,172.23.246.133/30,,
VECCSNOCJM120x1,ge-5/0/0 ,PCR-TOP-IP-2,1626,2803:D480:0:7A::8053/64,TOP-ALLIED,TOP-ALLIED
VECCSNOCJM120x1,ge-5/0/0 ,PCR-NODOV-DELTA,1627,181.225.42.17/29,400m,400m
VECCSNOCJM120x1,ge-5/0/0 ,PCR-SISNET,1629,172.23.246.185/30,100m,100m
VECCSNOCJM120x1,ge-5/0/0 ,PCR-PURO-PAGO-TFC,1650,190.94.199.25/30,100m,100m
VECCSNOCJM120x1,ge-5/0/0 ,PCR-TELCORP-PISO-13,1754,172.23.243.69/30,100m,100m
VECCSNOCJM120x1,ge-5/0/0 ,PCR-TEKKOA-SW,1759,172.23.244.57/30,,
VECCSNOCJM120x1,ge-5/0/0 ,PCR-TEKKOA,1760,190.94.243.113/29,,
VECCSNOCJM120x1,ae0 ,TUNO-COELLO-CVA-MER,492,172.23.244.157/30,40m,40m
VECCSNOCJM120x1,ae0 ,TUNO-TELCORP,493,172.23.244.161/30,60m,60m
VECCSNOCJM120x1,ae0 ,PCR-UNICEF-HP,528,172.23.250.21/30,80m,80m
VECCSNOCJM120x1,ae0 ,PCR-ACNUR-FIBRA,534,172.23.252.25/30,150m,150m
VECCSNOCJM120x1,ae0 ,GALI-ACCESS-SALUD,599,172.23.247.209/30,50m,50m
VECCSNOCJM120x1,ae0 ,ELUN-ST-GUILLAN,971,172.23.245.217/30,100m,100m
VECCSNOCJM120x1,ae0 ,LIBER-BPLAZA-MGMT,1048,172.23.254.205/30,,
VECCSNOCJM120x1,ae0 ,ANAUC-IESA,1161,172.23.245.53/30,50m,50m
VECCSNOCJM120x1,ae0 ,SINAI-VENE-SAMIRA-PRINCIPAL,1208,172.23.247.221/30,SAECA,SAECA
VECCSNOCJM120x1,ae0 ,CAU-GRUPO-JHS,1254,172.23.251.169/30,40m,40m
VECCSNOCJM120x1,ae0 ,PCR-PALMERA,1508,172.23.248.205/30,1m,1m
VECCSNOCJM120x1,ae0 ,,1525,2803:D480:0:75::8053/64,TOP,TOP
VECCSNOCJM120x1,ae0 ,PCR-YV-INGENIERIA,1529,172.23.247.237/30,90m,90m
VECCSNOCJM120x1,ae0 ,GALI-NEU-YANK-GROUP,1554,,,20m,20m
VECCSNOCJM120x1,ae0 ,PCR-ACTIVALORES,1635,172.23.246.241/30,60m,60m
VECCSNOCJM120x1,ae0 ,PCR-VIVA-SUPERCENTRO,1640,172.23.246.121/30,60m,60m
VECCSNOCJM120x1,ae0 ,PCR-CANTON-GRILL,1641,172.23.244.181/30,50m,50m
VECCSNOCJM120x1,ae1 ,BACKBONE-CRED-L3,9,2803:d480:0:80:0:3e80:0:2/124,,
VECCSNOCJM120x1,ae1 ,CRED-LEBRUN,30,2803:d480:0:66::e000/64,,
VECCSNOCJM120x1,ae2 ,MULTIPHONE,4,172.23.250.85/30,,
VECCSNOCJM120x1,ae2 ,,7,172.23.254.101/30,,
VECCSNOCJM120x1,ae2 ,Brighstar,730,172.23.255.185/30,,
VECCSNOCJM120x1,ae2 ,INFRA-INTERNET,740,190.94.210.233/30,,
VECCSNOCJM120x1,ae3 ,,1,172.23.253.137/29,,
VECCSNOCJM120x1,ae3 ,PEER-NU,129,190.94.210.229/30,,
VECCSNOCJM120x1,ae3 ,,520,,,,
VECCSNOCJM120x1,ae3 ,NV-CLARIANT,610,,,,
VECCSNOCJM120x1,ae3 ,,0,2803:d480:0:73::16/128,ACCESO-TELNET022018-V6,,
 VECCSNOC7206X2,Tunnel1,TUNNEL-INFRA_MCCY-IFXCISCOX2,,172.31.255.1 255.255.255.252,,,

 VECCSNOC7206X2,Tunnel2,TUNNEL-VIVAX,,172.23.249.129 255.255.255.252,,,
 VECCSNOC7206X2,Loopback0,VECCSNOC7206X2#,,181.225.41.19 255.255.255.255,,,
 VECCSNOC7206X2,Loopback1,,,181.225.46.246 255.255.255.255,,,
 VECCSNOC7206X2,Loopback40,,,,,,
 VECCSNOC7206X2,Loopback100,,,,,,
 VECCSNOC7206X2,Loopback101,,,,,,
 VECCSNOC7206X2,Multilink1,7570 #- MPLS #- 1024KB #- 745_DISAN_VENEZUELA_C.A #- Valencia-Urbanizacion_Ind. El recreo Sector 2 Calle A Parcela 80  #- CANTV ## Circuito-2301-0132287_Enlace-D0869,,,,,
 VECCSNOC7206X2,GigabitEthernet0/1,CCS3550CREDX1_Gi0/1,,,,,
 VECCSNOC7206X2,GigabitEthernet0/1.1,,1 native,172.23.253.65 255.255.255.240,,,
 VECCSNOC7206X2,GigabitEthernet0/1.7(shutdown),,7,200.62.10.1 255.255.255.192,,,
 VECCSNOC7206X2,GigabitEthernet0/1.17,Alcaldia-Chacao,,,,,
 VECCSNOC7206X2,GigabitEthernet0/1.20,OCEAN_DRIVE,20,181.225.44.129 255.255.255.248,6M,6M,
 VECCSNOC7206X2,GigabitEthernet0/1.30(shutdown),RED3-VL30-CHACON-COBRE1,30,181.225.42.233 255.255.255.248,10M,10M,
 VECCSNOC7206X2,GigabitEthernet0/1.31,CHACON-COBRE-VL31,31,190.94.210.25 255.255.255.252,20M,20M,
 VECCSNOC7206X2,GigabitEthernet0/1.50,,50,172.23.255.165 255.255.255.252,8M,8M,
 VECCSNOC7206X2,GigabitEthernet0/1.51,,51,172.23.255.169 255.255.255.252,8M,8M,
 VECCSNOC7206X2,GigabitEthernet0/1.102,DVA-SERVICIOS,102,172.23.255.153 255.255.255.252,50M,50M,
 VECCSNOC7206X2,GigabitEthernet0/1.2156(shutdown),Neutrona Networks International,2156,,2M,2M,
 VECCSNOC7206X2,FastEthernet0/2(shutdown),,,,,,
 VECCSNOC7206X2,GigabitEthernet0/2,CCSJ4500CREX1_ge-0/0/5,,,,,
 VECCSNOC7206X2,GigabitEthernet0/2.1(shutdown),,1 native,172.23.253.1 255.255.255.192,,,
 VECCSNOC7206X2,GigabitEthernet0/2.7,VLAN_SAA Proyect_VECCSNOCQSAAx1_Et0,7,10.10.130.1 255.255.255.252,,,
 VECCSNOC7206X2,GigabitEthernet0/2.11,VLAN_Corporate-LAN_VECCSNOCOBSDx1_Inside,11,,,,
 VECCSNOC7206X2,GigabitEthernet0/2.31,VPN-VIVAX-BOLEITA,31,172.23.254.169 255.255.255.252,,,
 VECCSNOC7206X2,GigabitEthernet0/2.299(shutdown),,299,,2M,NEU-ID84842-TATA,
 VECCSNOC7206X2,GigabitEthernet0/2.459,TUNO-POES,459,172.23.252.129 255.255.255.252,8M,VLAN-8MB,
 VECCSNOC7206X2,GigabitEthernet0/2.461,RED1-VL461-TUNO-DANCINGDOLLY,461,172.23.251.61 255.255.255.252,30M,30M,
 VECCSNOC7206X2,GigabitEthernet0/2.462,RED1-VL462-TUNO-ESTIVANELI,462,172.23.251.113 255.255.255.252,20M,20M,
 VECCSNOC7206X2,GigabitEthernet0/2.464,TUNO-TABERNA,464,172.23.251.189 255.255.255.252,20M,20M,
 VECCSNOC7206X2,GigabitEthernet0/2.465,RED1-VL465-TUNO-TOLONET-FIBRA,465,172.23.252.93 255.255.255.252,50M,50M,
 VECCSNOC7206X2,GigabitEthernet0/2.466,RED1-VL466-TUNO-PASEO-L-M,466,172.23.250.181 255.255.255.252,50M,50M,
 VECCSNOC7206X2,GigabitEthernet0/2.467,RED1-VL467-TUNO-EMB-RUSIA,467,172.23.250.229 255.255.255.252,70M,70M,
 VECCSNOC7206X2,GigabitEthernet0/2.470,RED1-VL470-TUNO-LOBBY-AH,470,172.23.248.1 255.255.255.252,50M,50M,
 VECCSNOC7206X2,GigabitEthernet0/2.471,RED1-VL471-TUNO-UNION-EUROPEA,471,172.23.248.5 255.255.255.252,20M,20M,
 VECCSNOC7206X2,GigabitEthernet0/2.472,RED1-VL472-TUNO-QTA-MARY,472,172.23.248.77 255.255.255.252,50M,50M,
 VECCSNOC7206X2,GigabitEthernet0/2.473,TUNO-FINAL-CURVE,473,172.23.248.65 255.255.255.252,40M,40M,
 VECCSNOC7206X2,GigabitEthernet0/2.474,RED1-VL474-TUNO-ISARQ,474,172.23.248.153 255.255.255.252,50M,50M,
 VECCSNOC7206X2,GigabitEthernet0/2.475,RED1-VL475-TUNO-AUDIO-CONCEPT,475,172.23.248.229 255.255.255.252,50M,50M,
 VECCSNOC7206X2,GigabitEthernet0/2.476,RED1-VL476-TUNO-CONAVEN,476,172.23.248.237 255.255.255.252,50M,50M,
 VECCSNOC7206X2,GigabitEthernet0/2.477,RED1-VL477-TUNO-CONDOMINIO-TUNO,477,172.23.248.241 255.255.255.252,10M,10M,
 VECCSNOC7206X2,GigabitEthernet0/2.478,RED1-VL478-TUNO-MODUSISTEMA,478,172.23.247.21 255.255.255.252,50M,50M,
 VECCSNOC7206X2,GigabitEthernet0/2.479,RED1-VL479-TUNO-TRITON,479,172.23.247.25 255.255.255.252,20M,20M,
 VECCSNOC7206X2,GigabitEthernet0/2.480,RED1-VL480-TUNO-ECHO-LINK,480,172.23.247.157 255.255.255.252,50M,50M,
 VECCSNOC7206X2,GigabitEthernet0/2.481,RED1-VL481-TUNO-UNION-EUROPEA-MUD,481,172.23.255.217 255.255.255.252,50M,50M,
 VECCSNOC7206X2,GigabitEthernet0/2.483,RED1-VL483-TUNO-MUEBLES-MARY ,483,172.23.245.89 255.255.255.252,50M,50M,
 VECCSNOC7206X2,GigabitEthernet0/2.485,TUNO-WORLD-TRADING,485,172.23.254.85 255.255.255.252,40M,40M,
 VECCSNOC7206X2,GigabitEthernet0/2.486,TUNO-TOP-FOOD,486,172.23.244.5 255.255.255.252,40M,40M,
 VECCSNOC7206X2,GigabitEthernet0/2.490,TUNO-QUINTA-EL-MAISSANCO,490,172.23.244.141 255.255.255.252,50M,50M,
 VECCSNOC7206X2,GigabitEthernet0/2.494,TUNO-DEST-CARUPANO,494,172.23.244.173 255.255.255.252,40M,40M,
 VECCSNOC7206X2,GigabitEthernet0/2.495,TUNO-GAMA-SM-SW,495,172.23.243.85 255.255.255.252,,,
 VECCSNOC7206X2,GigabitEthernet0/2.502(shutdown),DIARIO-TALCUAL,502,172.23.254.65 255.255.255.252,8M,VLAN-8MB,
 VECCSNOC7206X2,GigabitEthernet0/2.505,PCR-HANDEL,505,172.23.255.45 255.255.255.252,4M,4M,
 VECCSNOC7206X2,GigabitEthernet0/2.506,PCR-ECHYASOC,506,172.23.253.173 255.255.255.252,50M,50M,
 VECCSNOC7206X2,GigabitEthernet0/2.507,PCR-FCHACON4 ,507,181.225.48.49 255.255.255.248,5M,5M,
 VECCSNOC7206X2,GigabitEthernet0/2.510,PCR-COLAS-RAIL,510,172.23.252.5 255.255.255.252,50M,50M,
 VECCSNOC7206X2,GigabitEthernet0/2.513,PCR-CON-PARCRISTAL,513,172.23.252.81 255.255.255.252,20M,20M,
 VECCSNOC7206X2,GigabitEthernet0/2.514,PCR-SONARCHARTERS,514,172.23.252.89 255.255.255.252,4M,4M,
 VECCSNOC7206X2,GigabitEthernet0/2.515,PRC-MOLINA-VIAJES(INT10M+VPN10M),515,172.23.252.137 255.255.255.252,20M,20M,
 VECCSNOC7206X2,GigabitEthernet0/2.517,PCR-CENTRODEARTE,517,172.23.252.181 255.255.255.252,4M,4M,
 VECCSNOC7206X2,GigabitEthernet0/2.522(shutdown),RED1-VL522-PRC-OPS,522,172.23.253.169 255.255.255.252,16M,16M,
 VECCSNOC7206X2,GigabitEthernet0/2.527,RED1-VL527-PRC-PRIMA-ISC-BUNKER,527,172.23.255.245 255.255.255.252,50M,50M,
 VECCSNOC7206X2,GigabitEthernet0/2.531,RED1-VL531-PRC-LATINON-GAL,531,172.23.250.57 255.255.255.252,20M,VLAN-10M,
 VECCSNOC7206X2,GigabitEthernet0/2.532,RED1-VL532--PRC-LATINON-PB,532,172.23.250.137 255.255.255.252,20M,20M,
 VECCSNOC7206X2,GigabitEthernet0/2.535,RED1-VL535-PCR-VISA,535,172.23.250.161 255.255.255.252,50M,50M,
 VECCSNOC7206X2,GigabitEthernet0/2.536,RED1-VL536-PCR-UFPNA,536,172.23.250.169 255.255.255.252,100M,100M,
 VECCSNOC7206X2,GigabitEthernet0/2.537,RED1-VL537-PCR-SINERGY,537,172.23.250.77 255.255.255.252,50M,50M,
 VECCSNOC7206X2,GigabitEthernet0/2.538,RED1-VL538-PCR-ESTANCIA-GRANDE,538,190.94.210.85 255.255.255.252,50M,50M,
 VECCSNOC7206X2,GigabitEthernet0/2.540,RED1-VL540-PCR-AIV-DEL-ESTE,540,172.23.250.81 255.255.255.252,50M,50M,
 VECCSNOC7206X2,GigabitEthernet0/2.541,RED1-VL541-PCR-BNAI-BRITH,541,190.94.210.73 255.255.255.252,50M,50M,
 VECCSNOC7206X2,GigabitEthernet0/2.542,RED1-VL542-PCR-JABAD-LUVAVITCH,542,190.94.210.69 255.255.255.252,50M,50M,
 VECCSNOC7206X2,GigabitEthernet0/2.543,RED1-VL543-PCR-TERRAZAS-ALTAM,543,172.23.250.233 255.255.255.252,20M,20M,
 VECCSNOC7206X2,GigabitEthernet0/2.544,RED1-VL544-PCR-CORP-SISA-LPG,544,172.23.250.185 255.255.255.252,50M,50M,
 VECCSNOC7206X2,GigabitEthernet0/2.545,RED1-VL545-PCR-SYNERGY-SI,545,172.23.250.189 255.255.255.252,20M,20M,
 VECCSNOC7206X2,GigabitEthernet0/2.546,RED1-VL546-PCR-CRUZ-ROJA,546,172.23.255.49 255.255.255.252,50M,50M,
 VECCSNOC7206X2,GigabitEthernet0/2.547,RED1-VL547-PCR-EFE,547,172.23.248.21 255.255.255.252,50M,50M,
 VECCSNOC7206X2,GigabitEthernet0/2.548,PCR-BRILUX,548,172.23.248.33 255.255.255.252,80M,80M,
 VECCSNOC7206X2,GigabitEthernet0/2.549,RED1-VL549-PCR-IKIGAI,549,172.23.248.37 255.255.255.252,20M,20M,
 VECCSNOC7206X2,GigabitEthernet0/2.572,GALI-MUEVE-SOLUCIONES,572,172.23.245.13 255.255.255.252,20M,20M,
 VECCSNOC7206X2,GigabitEthernet0/2.951(shutdown),,951,172.23.254.229 255.255.255.252,15M,15M,
 VECCSNOC7206X2,GigabitEthernet0/2.966,RED1-VL966-ELUN-MERCANTIL-DEMO,966,190.94.209.217 255.255.255.248,100M,100M,
 VECCSNOC7206X2,GigabitEthernet0/2.1017,LIBER-QTA-SOLERA,1017,172.23.250.197 255.255.255.252,30M,VL1017-QTA-SOLERA,
 VECCSNOC7206X2,GigabitEthernet0/2.1019,,1019,172.23.248.69 255.255.255.252,,,
 VECCSNOC7206X2,GigabitEthernet0/2.1036,LIBER-CORPORAL-TRAIN,1036,172.23.247.241 255.255.255.252,20M,20M,
 VECCSNOC7206X2,GigabitEthernet0/2.1037,LIBER-CONDOMI-BANCOP,1037,172.23.247.245 255.255.255.252,50M,50M,
 VECCSNOC7206X2,GigabitEthernet0/2.1251,CAURI-FONDOV-MUNECA,1251,172.23.245.109 255.255.255.252,10M,10M,
 VECCSNOC7206X2,GigabitEthernet0/2.1501,RED1-VL1501-PCR-NEXTPOINT,1501,172.23.247.161 255.255.255.252,20M,20M,
 VECCSNOC7206X2,GigabitEthernet0/2.1507,RED1-VL1507-PCR-MOLINAVIAJES-VPN,1507,172.23.248.209 255.255.255.252,,,
 VECCSNOC7206X2,GigabitEthernet0/2.1509,RED1-VL1509-PCR-INTERNET-IFX,1509,190.94.208.41 255.255.255.252,,,
 VECCSNOC7206X2,GigabitEthernet0/2.1512,RED1-VL1512-PCR-ASAP,1512,172.23.248.253 255.255.255.252,50M,50M,
 VECCSNOC7206X2,GigabitEthernet0/2.1518,RED1-VL1518-PCR-OBELISCO,1518,172.23.247.33 255.255.255.252,50M,50M,
 VECCSNOC7206X2,GigabitEthernet0/2.1520,PRC-REUTERS,1520,172.23.247.117 255.255.255.252,20M,20M,
 VECCSNOC7206X2,GigabitEthernet0/2.1545,PCR-COND-GALIPAN,1545,172.23.246.29 255.255.255.252,50M,50M,
 VECCSNOC7206X2,GigabitEthernet0/2.1604,PCR-GRUPO-OSEO-PC,1604,172.23.254.37 255.255.255.252,,,
 VECCSNOC7206X2,GigabitEthernet0/3,SW_J4500_BACKBONE,,172.23.249.5 255.255.255.240,,IFX-QoS-CCS,
 VECCSNOC7206X2,GigabitEthernet0/3.30,CRED-LEBRUN,30,172.23.249.35 255.255.255.240,,,
 VECCSNOC7206X2,Serial4/4:0(shutdown),,,,,,
 VECCSNOC7206X2,Serial4/4:1,LAB-VIVAX-SANFLPE_MOVISTAR_ID:A0810-Ruta:IFXNE-1008,,,,,
 VECCSNOC7206X2,Serial4/7:0,VIVAX_INTERCAPS_MOV=IFXNE-1002/IFXNE_CCS_116098,,172.23.250.97 255.255.255.252,,,
 VECCSNOC7206X2,GigabitEthernet5/0,CCSJ4500CREX1-ge-0/0/20,,,,,
 VECCSNOC7206X2,GigabitEthernet5/0.508,PCR-GARCIA-TUNON,508,172.23.245.141 255.255.255.252,50M,50M,
 VECCSNOC7206X2,GigabitEthernet5/0.511,PRC-ESTANCIA-GRAN-2C,511,190.94.253.241 255.255.255.252,50M,50M,
 VECCSNOC7206X2,GigabitEthernet5/0.519,PCR-GESTION-OLT,519,172.23.252.133 255.255.255.252,,,
 VECCSNOC7206X2,GigabitEthernet5/0.525,PCR-YPERGAS,525,172.23.251.177 255.255.255.252,50M,50M,
 VECCSNOC7206X2,GigabitEthernet5/0.539(shutdown),RED1-VL539-PCR-DANAL-PARK,539,190.94.210.81 255.255.255.252,100M,100M,
 VECCSNOC7206X2,GigabitEthernet5/0.550,RED1-VL550-PCR-ABRAHAM,550,172.23.248.41 255.255.255.252,60M,60M,
 VECCSNOC7206X2,GigabitEthernet5/0.1252,CAURI-PLAN-SUAREZ,1252,172.23.245.113 255.255.255.252,50M,50M,
 VECCSNOC7206X2,GigabitEthernet5/0.1253,,1253,,,,
 VECCSNOC7206X2,GigabitEthernet5/0.1513,RED1-VL1513-PRC-ESTANCIA-GRANDE-1A,1513,190.94.208.89 255.255.255.252,50M,50M,
 VECCSNOC7206X2,GigabitEthernet5/0.1514,RED1-VL1514-PRC-ESTANCIA-GRANDE-3A,1514,190.94.208.93 255.255.255.252,50M,50M,
 VECCSNOC7206X2,GigabitEthernet5/0.1515,RED1-VL1515-PRC-ESTANCIA-GRANDE-3C,1515,190.94.208.97 255.255.255.252,50M,50M,
 VECCSNOC7206X2,GigabitEthernet5/0.1516,RED1-VL1516-PRC-ESTANCIA-GRANDE-4B,1516,190.94.208.101 255.255.255.252,50M,50M,
 VECCSNOC7206X2,GigabitEthernet5/0.1517,RED1-VL1517-PRC-ESTANCIA-GRANDE-PHA,1517,190.94.208.105 255.255.255.252,50M,50M,
 VECCSNOC7206X2,GigabitEthernet5/0.1519,PRC-ESTANCIA-GRAN-1A,1519,190.94.208.133 255.255.255.252,50M,50M,
 VECCSNOC7206X2,GigabitEthernet5/0.1521,PCR-RAMON-RAMIREZ,1521,172.23.247.133 255.255.255.252,50M,50M,
 VECCSNOC7206X2,GigabitEthernet5/0.1522,RED1-VL1522-PCR-LEON-M&A,1522,172.23.247.149 255.255.255.252,50M,50M,
 VECCSNOC7206X2,GigabitEthernet5/0.1524,PCR-FONDO-DE-VALORES-QNTA,1524,172.23.247.165 255.255.255.252,40M,40M,
 VECCSNOC7206X2,GigabitEthernet5/0.1526,PCR-E-BUSINESS,1526,172.23.247.197 255.255.255.252,50M,50M,
 VECCSNOC7206X2,GigabitEthernet5/0.1527,PCR-DELLACQUA,1527,172.23.245.9 255.255.255.252,50M,50M,
 VECCSNOC7206X2,GigabitEthernet5/0.1528,PCR-MARITIMA-MAROLA,1528,172.23.247.225 255.255.255.252,30M,30M,
 VECCSNOC7206X2,GigabitEthernet5/0.1532,GPON1-PRC-ABS-PRAGMA,1532,172.23.245.77 255.255.255.252,50M,50M,
 VECCSNOC7206X2,GigabitEthernet5/0.1535,PCR-CONDOMINIO-CAURIMARE,1535,172.23.246.89 255.255.255.252,50M,50M,
 VECCSNOC7206X2,GigabitEthernet5/0.1544,PCR-APS,1544,172.23.247.253 255.255.255.252,,,
 VECCSNOC7206X2,GigabitEthernet5/0.1548,PCR-OBRAS-PUBLICAS,1548,172.23.245.229 255.255.255.252,50M,50M,
 VECCSNOC7206X2,GigabitEthernet5/0.1549,,1549,172.23.245.237 255.255.255.252,20M,20M,
 VECCSNOC7206X2,GigabitEthernet5/0.1610,PCR-LIBERTY-EXPRESS,1610,172.23.245.61 255.255.255.252,50M,50M,
 VECCSNOC7206X2,GigabitEthernet5/0.1611(shutdown),,1611,172.23.248.45 255.255.255.252,300M,300M,
 VECCSNOC7206X2,GigabitEthernet5/0.1618,PCR-TOTAL-OIL,1618,172.23.244.85 255.255.255.252,50M,50M,
 VECCSNOC7206X2,GigabitEthernet5/0.1619,PCR-BORN-RAISED,1619,172.23.244.89 255.255.255.252,50M,50M,
 VECCSNOC7206X2,GigabitEthernet5/0.1622,PCR-JOYERIA-RIO,1622,172.23.244.101 255.255.255.252,50M,50M,
 VECCSNOC7206X2,GigabitEthernet5/0.1628,PCR-HELIOS,1628,172.23.246.181 255.255.255.252,50M,50M,
 VECCSNOC7206X2,GigabitEthernet5/0.1632,PCR-ADM-MENGIM,1632,172.23.246.233 255.255.255.252,50M,50M,
 VECCSNOC7206X2,GigabitEthernet5/0.1633,PCR-INVERCAPITAL,1633,172.23.246.237 255.255.255.252,50M,50M,
 VECCSNOC7206X2,GigabitEthernet5/0.1636,PCR-MOHEDAN56-P1,1636,172.23.246.253 255.255.255.252,50M,50M,
 VECCSNOC7206X2,GigabitEthernet5/0.1637,PCR-MOHEDAN56-PH,1637,172.23.246.189 255.255.255.252,40M,40M,
 VECCSNOC7206X2,GigabitEthernet5/0.1639,PCR-GRUPO-PHX,1639,172.23.246.117 255.255.255.252,50M,50M,
 VECCSNOC7206X2,GigabitEthernet5/0.1643,PCR-CRUZ-ROJA-GALIA,1643,172.23.243.5 255.255.255.252,40M,40M,
 VECCSNOC7206X2,GigabitEthernet5/0.1644,PCR-JAP-PAPPIER,1644,172.23.243.9 255.255.255.252,50M,50M,
 VECCSNOC7206X2,GigabitEthernet5/0.1645,PCR-REVERON-ROSARIO,1645,172.23.243.13 255.255.255.252,50M,50M,
 VECCSNOC7206X2,GigabitEthernet5/0.1646,PCR-GAMA-LPG,1646,172.23.244.197 255.255.255.252,,,
 VECCSNOC7206X2,GigabitEthernet5/0.1648,PCR-VIVA-SUPERCEN-SW ,1648,172.23.244.205 255.255.255.252,,,
 VECCSNOC7206X2,GigabitEthernet5/0.1649,PCR-TELECORP-C-LETONIA,1649,172.23.250.129 255.255.255.252,60M,60M,
 VECCSNOC7206X2,GigabitEthernet5/0.1751,PCR-GAMA-SEDUVIGIS ,1751,172.23.244.221 255.255.255.252,,,
 VECCSNOC7206X2,GigabitEthernet5/0.1753,PCR-PARAWA,1753,172.23.243.61 255.255.255.252,80M,80M,
 VECCSNOC7206X2,GigabitEthernet5/0.1755,PCR-SOLUCIONES-EMP,1755,172.23.243.153 255.255.255.252,60M,60M,
 VECCSNOC7206X2,GigabitEthernet5/0.1756,PCR-PNUD-VZLA,1756,172.23.243.157 255.255.255.252,30M,30M,
 VECCSNOC7206X2,GigabitEthernet5/0.1757(shutdown),PCR-IG-NETWORKS,1757,172.23.243.101 255.255.255.252,50M,50M,
 VECCSNOC7206X2,GigabitEthernet5/0.1761,PCR-ROCAVILA,1761,172.23.243.169 255.255.255.252,60M,60M,
 VECCSNOC7206X2,GigabitEthernet5/0.3599,DAYCO-SURAM-VPN,3599,,8M,8M,
 VECCSNOC7206X2,GigabitEthernet6/0,VECCSNOC3750X4-Giga1/0/11,,,,,
 VECCSNOC7206X2,GigabitEthernet6/0.710,CANTV-INFRACUA,710,172.23.250.93 255.255.255.252,1M,1M,
 VECCSNOC7206X2,GigabitEthernet6/0.740,,740,172.23.255.73 255.255.255.252,,,
 VELEBNOC1004X1,Loopback0,,,181.225.41.25 255.255.255.255,,,

 VELEBNOC1004X1,Port-channel1,BACKBONE,,,,,
 VELEBNOC1004X1,Port-channel1.9(shutdown),,9 native,172.23.249.8 255.255.255.240,,,
 VELEBNOC1004X1,Port-channel1.29,L3-LEBRUN,29,172.23.249.18 255.255.255.240,,,
 VELEBNOC1004X1,Port-channel1.30,CRED-LEBRUN,30,172.23.249.38 255.255.255.240,,,
 VELEBNOC1004X1,Port-channel2,CCSJ4500LEBX1_ae4_(CDN),,,,,
 VELEBNOC1004X1,Port-channel2.1139,NETFLIX-CDN,1139,181.225.46.129 255.255.255.248,,,
 VELEBNOC1004X1,Port-channel2.1147,GOOGLE-CDN,1147,181.225.45.1 255.255.255.192,,,
 VELEBNOC1004X1,Port-channel2.1150,LEB-GESTION-OLT,1150,172.23.252.197 255.255.255.252,,,
 VELEBNOC1004X1,Port-channel2.1151,LEB-FB2021,1151,181.225.43.105 255.255.255.248,,,
 VELEBNOC1004X1,Port-channel3,CCSJ4500LEBX1_ae6_(clientes_Lebrun),,,,,
 VELEBNOC1004X1,Port-channel3.266(shutdown),CRED-SUPERCABLE,266,190.94.208.205 255.255.255.252,1G,1G,
 VELEBNOC1004X1,Port-channel3.916,LEV3-CIX,916,172.23.255.189 255.255.255.252,,,
 VELEBNOC1004X1,Port-channel3.918,LEV3-CHIRCALNET,918,172.23.254.25 255.255.255.252,,,
 VELEBNOC1004X1,Port-channel3.919,LEV3-360,919,172.23.254.29 255.255.255.252,,,
 VELEBNOC1004X1,Port-channel3.933,LEV3-360-MEGADATTA,933,172.23.254.53 255.255.255.252,,,
 VELEBNOC1004X1,Port-channel3.934,LEV3-360-PNS,934,172.23.254.57 255.255.255.252,,,
 VELEBNOC1004X1,Port-channel3.936(shutdown),LEV3-360-CDT,936,172.23.254.61 255.255.255.252,300M,300M,
 VELEBNOC1004X1,Port-channel3.1256,CAU-TOP-QTASANJOSE,1256,190.94.218.65 255.255.255.248,300M,300M,
 VELEBNOC1004X1,Port-channel3.1659(shutdown),LEB-SUPER-CONEX,1659,190.94.250.221 255.255.255.252,SUPERCONEX,SUPERCONEX,
 VELEBNOC1004X1,Port-channel3.1715(shutdown),LEB-SUPERCONEX2,1715,181.225.48.1 255.255.255.248,SUPERCONEX2,SUPERCONEX2,
 VELEBNOC1004X1,Port-channel4,CCSJ4500LEBX1_ae8_(clientes_Lebrun2),,,,,
 VELEBNOC1004X1,Port-channel4.130,,130,172.23.250.209 255.255.255.252,,,
 VELEBNOC1004X1,Port-channel4.215,MCCY-FAROCA-CSP,215,172.23.244.121 255.255.255.252,100M,100M,
 VELEBNOC1004X1,Port-channel4.264(shutdown),CRED-VIPTEL,264,200.62.26.197 255.255.255.252,,,
 VELEBNOC1004X1,Port-channel4.298(shutdown),CRED-7LINK,298,181.225.44.17 255.255.255.248,500M,500M,
 VELEBNOC1004X1,Port-channel4.622,BOL-SWEETCHERRY,622,172.23.250.41 255.255.255.252,200M,200M,
 VELEBNOC1004X1,Port-channel4.924,LEV3-WIFISOLUTION,924,172.23.252.53 255.255.255.252,200M,200M,
 VELEBNOC1004X1,Port-channel4.937,LEV3-360-IPIFX,937,172.23.244.209 255.255.255.252,30M,30M,
 VELEBNOC1004X1,Port-channel4.940,LEV3-360-IPIFX2,940,190.94.199.89 255.255.255.252,360NET,360NET,
 VELEBNOC1004X1,Port-channel4.942,LEV3-FONET,942,181.225.40.49 255.255.255.248,FONET-CAP,FONET,
 VELEBNOC1004X1,Port-channel4.1106,LEB-INFOGUIA,1106,172.23.250.29 255.255.255.252,20M,20M,
 VELEBNOC1004X1,Port-channel4.1107,LEB-BITNET,1107,172.23.250.49 255.255.255.252,10M,10M,
 VELEBNOC1004X1,Port-channel4.1115,LEB-EXCEL-GAMA-PPAL,1115,172.23.248.217 255.255.255.252,300M,300M,
 VELEBNOC1004X1,Port-channel4.1121,LEB-VENSITE,1121,172.23.250.193 255.255.255.252,VENSITE,VENSITE,
 VELEBNOC1004X1,Port-channel4.1135,LEB-CORFIN,1135,172.23.248.73 255.255.255.252,200M,200M,
 VELEBNOC1004X1,Port-channel4.1143,LEB-NTIS,1143,190.94.245.9 255.255.255.248,NTIS-CAP,NTIS,
 VELEBNOC1004X1,Port-channel4.1262,CAU-NODO-CONCORDE,1262,190.94.218.73 255.255.255.248,200M,200M,
 VELEBNOC1004X1,Port-channel4.1536,MCY-NODOV-IP,1536,181.225.42.169 255.255.255.248,MCY-NODOV,MCY-NODOV,
 VELEBNOC1004X1,Port-channel4.1601,SEBUC-PRAGMA-VSEB,1601,190.94.210.225 255.255.255.252,PRAGMA-VILLA-SEB,PRAGMA-VILLA-SEB,
 VELEBNOC1004X1,Port-channel4.1657,LEB-FAROCA-VISTAL,1657,172.23.245.169 255.255.255.252,,,
 VELEBNOC1004X1,Port-channel4.1672,LEB-HQ-RENTAL-IP,1672,190.94.199.41 255.255.255.252,LEB-HQ-RENTAL-IP,LEB-HQ-RENTAL-IP,
 VELEBNOC1004X1,Port-channel4.1684,LEB-TEKKOA-AZOTEA,1684,190.94.209.249 255.255.255.248,200M,200M,
 VELEBNOC1004X1,Port-channel4.1713,LEB-WIFI-SOLUTI-IP,1713,190.94.245.217 255.255.255.248,30M,30M,
 VELEBNOC1004X1,Port-channel4.1729,LEB-LAN-ONLINE,1729,190.94.199.213 255.255.255.252,LANONLINE,LANONLINE,
 VELEBNOC1004X1,Port-channel5,CCSJ4500LEBX1_ae9_(Upstream),,,,,
 VELEBNOC1004X1,Port-channel5.911,TIS - TIS-00000063226 / IFV003UCARMI2NN ,911,89.221.41.91 255.255.255.254,,,
 VELEBNOC1004X1,Port-channel6,CCSJ4500LEBX1_ae18,,,,,
 VELEBNOC1004X1,Port-channel6.917,ITS-0001076253/TEL-GRTMIANA1,917,84.16.6.29 255.255.255.254,,,
 VELEBNOC1004X1,TenGigabitEthernet0/0/0,,,,,,
 VELEBNOC1004X1,TenGigabitEthernet0/1/0,CCSJ4500LEBX1-xe-0/1/2,,,,,
 VELEBNOC1004X1,TenGigabitEthernet0/2/0,,,,,,
 VELEBNOC1004X1,TenGigabitEthernet0/3/0,,,,,,
 VELEBNOC1004X1,TenGigabitEthernet1/0/0,CCSJ4500LEBX1-xe-0/0/7,,,,,
 VELEBNOC1004X1,TenGigabitEthernet1/1/0,CCSJ4500LEBX1-xe-0/0/12,,,,,
 VELEBNOC1004X1,TenGigabitEthernet1/2/0,CCSJ4500LEBX1-xe-0/0/11,,,,,
 VELEBNOC1004X1,TenGigabitEthernet1/3/0,CCSJ4500LEBX1-xe-0/0/13,,,,,
 VELEBNOC1004X1,GigabitEthernet0(shutdown),,,10.0.0.2 255.255.255.252,,,
 VECREDNOC1004X1,Loopback0,,,181.225.41.18 255.255.255.255,,,

 VECREDNOC1004X1,Port-channel1,,,,,,
 VECREDNOC1004X1,Port-channel1.9,CC-BACKBONE-L3-IFX,9,172.23.249.2 255.255.255.240,,,
 VECREDNOC1004X1,Port-channel1.30,CRED-LEBRUN,30,172.23.249.34 255.255.255.240,,,
 VECREDNOC1004X1,Port-channel2,LEV3-CL_IP - FRO2006909960,,,,,
 VECREDNOC1004X1,Port-channel2.915,LEV3-CL_IP - FRO2006909960,915,4.15.156.46 255.255.255.252,,,
 VECREDNOC1004X1,POS0/0/0,TVZ-POZ-STM4-C,,172.23.255.161 255.255.255.252,,,
 VECREDNOC1004X1,POS0/0/1,TVZ-POZ-STM4-D,,172.23.253.113 255.255.255.252,,,
 VECREDNOC1004X1,POS0/0/2(shutdown),,,,,,
 VECREDNOC1004X1,POS0/0/3(shutdown),,,,,,
 VECREDNOC1004X1,POS0/0/4(shutdown),,,,,,
 VECREDNOC1004X1,POS0/0/5(shutdown),,,,,,
 VECREDNOC1004X1,POS0/0/6,TVZ-CANTV:F8769-ID:2221-0165364,,172.23.255.197 255.255.255.252,,,
 VECREDNOC1004X1,POS0/0/7,UNITEL-STM1-CARUPANO,,172.23.255.101 255.255.255.252,,,
 VECREDNOC1004X1,TenGigabitEthernet0/1/0,CCSJ4500CREX2_xe-0/0/14_TUNO-CUBON,,,,,
 VECREDNOC1004X1,TenGigabitEthernet0/1/0.1078,CUBO-PRIMTEK-CCCT,1078,172.23.243.217 255.255.255.252,100M,100M,
 VECREDNOC1004X1,TenGigabitEthernet0/3/0,,,,,,
 VECREDNOC1004X1,TenGigabitEthernet1/0/0,,,,,,
 VECREDNOC1004X1,TenGigabitEthernet1/0/1,,,,,,
 VECREDNOC1004X1,TenGigabitEthernet1/0/2,CCSJ4500CREX2_xe-0/0/10_CRED-LIBER,,,,,
 VECREDNOC1004X1,TenGigabitEthernet1/0/2.253,CRED-LEBH-IFXSERVERS,253,181.225.41.65 255.255.255.240,,,
 VECREDNOC1004X1,TenGigabitEthernet1/0/2.255,CRED-BANTEL,255,200.62.9.157 255.255.255.252,1G,1G,
 VECREDNOC1004X1,TenGigabitEthernet1/0/2.264,CRED-VIPTEL,264,200.62.26.197 255.255.255.252,VIPTEL,VIPTEL,
 VECREDNOC1004X1,TenGigabitEthernet1/0/2.266,CRED-SUPERCABLE,266,190.94.208.205 255.255.255.252,SUPERCABLE,SUPERCABLE,
 VECREDNOC1004X1,TenGigabitEthernet1/0/2.269,CRED-TVZ-2021-2,269,172.23.255.53 255.255.255.252,,,
 VECREDNOC1004X1,TenGigabitEthernet1/0/2.279,CRED-TVZ-2022-1,279,172.23.255.97 255.255.255.252,,,
 VECREDNOC1004X1,TenGigabitEthernet1/0/2.282,CRED-TVZ-2022-2,282,172.23.252.125 255.255.255.252,,,
 VECREDNOC1004X1,TenGigabitEthernet1/0/2.298,CRED-7LINK,298,181.225.44.17 255.255.255.248,7-LINK,7-LINK,
 VECREDNOC1004X1,TenGigabitEthernet1/0/2.452,TUNO-YEET-DE-VEN,452,172.23.243.201 255.255.255.252,80M,80M,
 VECREDNOC1004X1,TenGigabitEthernet1/0/2.479,TUNO-BANKING,479,172.23.243.177 255.255.255.252,160M,160M,
 VECREDNOC1004X1,TenGigabitEthernet1/0/2.1013,LIBER-SOLUCIONESTI,1013,172.23.251.81 255.255.255.252,50M,50M,
 VECREDNOC1004X1,TenGigabitEthernet1/0/2.1022,LIBER-QUALCOM,1022,190.94.209.57 255.255.255.248,QUALCOM,QUALCOM,
 VECREDNOC1004X1,TenGigabitEthernet1/0/2.1024,LIB-QUINTA-EMECINCO,1024,172.23.243.145 255.255.255.252,50M,50M,
 VECREDNOC1004X1,TenGigabitEthernet1/0/2.1031,LIBER-PLATCOMM,1031,172.23.247.89 255.255.255.252,10M,10M,
 VECREDNOC1004X1,TenGigabitEthernet1/0/2.1039,LIBER-SOL-COELLO-P6,1039,172.23.245.21 255.255.255.252,COELLO,COELLO,
 VECREDNOC1004X1,TenGigabitEthernet1/0/2.1041,LIBER-CARACAS-RED-TELECOM,1041,190.94.243.89 255.255.255.248,CCSRED,CCSRED,
 VECREDNOC1004X1,TenGigabitEthernet1/0/2.1046,LIBER-BPLAZA-IP,1046,172.23.255.113 255.255.255.252,40M,40M,
 VECREDNOC1004X1,TenGigabitEthernet1/0/2.1049,LIBER-GTITHOST,1049,181.225.43.137 255.255.255.248,200M,200M,
 VECREDNOC1004X1,TenGigabitEthernet1/0/2.1050,LIBER-CLI-SANTIAGO-L,1050,172.23.243.193 255.255.255.252,100M,100M,
 VECREDNOC1004X1,TenGigabitEthernet1/0/2.1209,SINAI-SACVEN,1209,172.23.253.201 255.255.255.252,50M,50M,
 VECREDNOC1004X1,TenGigabitEthernet1/0/2.3264,TUNO-SKYTEX-2,3264,172.23.244.61 255.255.255.252,,,
 VECREDNOC1004X1,TenGigabitEthernet1/0/3,CCSJ4500CREX2_xe-0/0/9_GALI-PCR,,,,,
 VECREDNOC1004X1,TenGigabitEthernet1/0/3.522,PCR-OPS,522,172.23.253.169 255.255.255.252,100M,100M,
 VECREDNOC1004X1,TenGigabitEthernet1/0/3.539,PCR-DANAL-PARK,539,190.94.210.81 255.255.255.252,100M,100M,
 VECREDNOC1004X1,TenGigabitEthernet1/0/3.560,GALI-GPS,560,172.23.251.165 255.255.255.252,80M,80M,
 VECREDNOC1004X1,TenGigabitEthernet1/0/3.564,GALI-ANAYANSI,564,172.23.255.149 255.255.255.252,50M,50M,
 VECREDNOC1004X1,TenGigabitEthernet1/0/3.566,GALI_ORIENTAL,566,172.23.247.229 255.255.255.252,ORIENTALDES,ORIENTALDES,
 VECREDNOC1004X1,TenGigabitEthernet1/0/3.586,GALI-MS-INT-10-2,586,190.94.211.49 255.255.255.248,50M,50M,
 VECREDNOC1004X1,TenGigabitEthernet1/0/3.590,GALI-TECNOIMPULSO,590,172.23.245.121 255.255.255.252,TECNOIMPULSO,TECNOIMPULSO,
 VECREDNOC1004X1,TenGigabitEthernet1/0/3.1557,GALI-VENAMCHAM,1557,172.23.244.245 255.255.255.252,120M,120M,
 VECREDNOC1004X1,TenGigabitEthernet1/0/3.1561,GALI-NATIONAL-CARGO,1561,172.23.244.25 255.255.255.252,100M,100M,
 VECREDNOC1004X1,TenGigabitEthernet1/0/3.1565,GALI-TELENET,1565,172.23.244.133 255.255.255.252,TELENET,TELENET,
 VECREDNOC1004X1,TenGigabitEthernet1/0/3.1573,GALI-GRUPO-FALCON,1573,172.23.243.121 255.255.255.252,200M,200M,
 VECREDNOC1004X1,TenGigabitEthernet1/0/3.1757,PCR-IG-NETWORKS,1757,172.23.243.101 255.255.255.252,50M,50M,
 VECREDNOC1004X1,TenGigabitEthernet1/0/3.1763,PCR-BLUECHIP,1763,172.23.243.197 255.255.255.252,40M,40M,
 VECREDNOC1004X1,TenGigabitEthernet1/0/3.3213,GALI-ROSNEFT,3213,172.23.250.165 255.255.255.252,80M,80M,
 VECREDNOC1004X1,TenGigabitEthernet1/0/4,CCSJ4500CREX2_xe-0/0/11_ELUN_SINAI,,,,,
 VECREDNOC1004X1,TenGigabitEthernet1/0/4.959,ELUN-VENCREDSANB,959,172.23.251.109 255.255.255.252,80M,80M,
 VECREDNOC1004X1,TenGigabitEthernet1/0/4.963,ELUN-GRUPESKA,963,172.23.248.105 255.255.255.252,50M,50M,
 VECREDNOC1004X1,TenGigabitEthernet1/0/4.967,ELUN-SGF-AV-FA,967,172.23.254.81 255.255.255.252,50M,50M,
 VECREDNOC1004X1,TenGigabitEthernet1/0/4.976,ELUN-TELENET-TORRE-F,976,172.23.243.129 255.255.255.252,TELENET-CENTRO,TELENET-CENTRO,
 VECREDNOC1004X1,TenGigabitEthernet1/0/4.978,ELUN-HOTEL-ALEX,978,172.23.244.229 255.255.255.252,60M,60M,
 VECREDNOC1004X1,TenGigabitEthernet1/0/4.983,ELUN-GUILLERMO-AMAR,983,172.23.243.205 255.255.255.252,50M,50M,
 VECREDNOC1004X1,TenGigabitEthernet1/0/4.984,ELUN-SAFARI-BAKERY,984,172.23.243.213 255.255.255.252,40M,40M,
 VECREDNOC1004X1,TenGigabitEthernet1/0/4.1210,SINAI-SANTEC,1210,172.23.244.189 255.255.255.252,120M,120M,
 VECREDNOC1004X1,TenGigabitEthernet1/0/5,,,,,,
 VECREDNOC1004X1,GigabitEthernet0(shutdown),,,,,,
