NOMBRE_EQUIPO,INTERFACE,NOMBRE_CLIENTE,NRO_VLAN,DIRECCION_IP,VELOCIDAD_ENTRADA,VELOCIDAD_SALIDA,
 VECREDNOC1004X1,Loopback0,,,181.225.41.18 255.255.255.255,,,
,,,,,,,
 VECREDNOC1004X1,Port-channel1,,,,,,
 VECREDNOC1004X1,Port-channel1.9,CC-BACKBONE-L3-IFX,9,172.23.249.2 255.255.255.240,,,
 VECREDNOC1004X1,Port-channel1.30,CRED-LEBRUN,30,172.23.249.34 255.255.255.240,,,
 VECREDNOC1004X1,Port-channel2,LEV3-CL_IP - FRO2006909960,,,,,
 VECREDNOC1004X1,Port-channel2.915(shutdown),LEV3-CL_IP - FRO2006909960,915,4.15.156.46 255.255.255.252,,,
 VECREDNOC1004X1,Port-channel3,,,,,,
 VECREDNOC1004X1,Port-channel3.282(shutdown),,,,,,
 VECREDNOC1004X1,Port-channel4,,,,,,
 VECREDNOC1004X1,Port-channel5,,,,,,
 VECREDNOC1004X1,POS0/0/0,TVZ-POZ-STM4-C,,172.23.255.161 255.255.255.252,,,
 VECREDNOC1004X1,POS0/0/1,TVZ-POZ-STM4-D,,172.23.253.113 255.255.255.252,,,
 VECREDNOC1004X1,POS0/0/2,TVZ-POZ-STM4-A;TVZ:CANTV-G2343/2221-0167846/ORDEN:I14ICP20691,,172.23.254.221 255.255.255.252,,,
 VECREDNOC1004X1,POS0/0/3,TVZ-MTN-STM4;TVZ:CANTV-G3086/2301-0168564/ORDEN:I15ICP01618,,172.23.253.93 255.255.255.252,,,
 VECREDNOC1004X1,POS0/0/4,TVZ-POZ-STM4-B;TVZ:CANTV-G2980/222-0168287,,172.23.253.85 255.255.255.252,,,
 VECREDNOC1004X1,POS0/0/5,UNITEL-STM42022,,172.23.254.177 255.255.255.252,,,
 VECREDNOC1004X1,POS0/0/6,TVZ-STM1;CANTV:F8769-ID:2221-0165364,,172.23.255.197 255.255.255.252,,,
 VECREDNOC1004X1,POS0/0/7,UNITEL-STM1-CARUPANO,,172.23.255.101 255.255.255.252,,,
 VECREDNOC1004X1,TenGigabitEthernet0/1/0,CCSJ4500CREX2_xe-0/0/14_TUNO-CUBON,,,,,
 VECREDNOC1004X1,TenGigabitEthernet0/1/0.471,TUNO-UNION-EUROPEA;ID:9334,471,172.23.248.5 255.255.255.252,50M,50M,
 VECREDNOC1004X1,TenGigabitEthernet0/1/0.477,TUNO-CONDOMINIO-TUNO,477,172.23.248.241 255.255.255.252,10M,10M,
 VECREDNOC1004X1,TenGigabitEthernet0/1/0.491,TUNO-NODOV-QTA-MARACA,491,181.225.53.129 255.255.255.248,300M,300M,
 VECREDNOC1004X1,TenGigabitEthernet0/1/0.495,GAMA-SM-SW;ID:26091,495,172.23.243.85 255.255.255.252,,,
 VECREDNOC1004X1,TenGigabitEthernet0/1/0.1068,ALCOHOLES-DEL-CARIBE;ID:26171,1068,172.23.245.81 255.255.255.252,50M,50M,
 VECREDNOC1004X1,TenGigabitEthernet0/1/0.1069,CUBO-PLATC-EU,1069,190.94.209.121 255.255.255.248,PLATCOMM-EU,PLATCOMM-EU,
 VECREDNOC1004X1,TenGigabitEthernet0/1/0.1073,POSCOMERCIAL;ID:26167,1073,172.23.245.1 255.255.255.252,60M,60M,
 VECREDNOC1004X1,TenGigabitEthernet0/1/0.1078,CUBO-PRIMTEK-CCCT,1078,172.23.243.217 255.255.255.252,100M,100M,
 VECREDNOC1004X1,TenGigabitEthernet0/1/0.1079,CUBO-TELCOS,1079,172.23.242.141 255.255.255.252,50M,50M,
 VECREDNOC1004X1,TenGigabitEthernet0/1/0.1080,CUBO-HERBALIFE,1080,172.23.241.133 255.255.255.252,60M,60M,
 VECREDNOC1004X1,TenGigabitEthernet0/1/0.1081,CUBO-HERBALIFE-CN,1081,172.23.241.29 255.255.255.252,30M,30M,
 VECREDNOC1004X1,GigabitEthernet0/2/0,CCS3550CREDX1-Giga0/2,,,,,
 VECREDNOC1004X1,GigabitEthernet0/2/0.9,CRED-FCHACON-ARC,9,190.94.208.9 255.255.255.252,60M,60M,
 VECREDNOC1004X1,GigabitEthernet0/2/0.29,IFXVE-OFICINAS,29,181.225.42.1 255.255.255.248,,,
 VECREDNOC1004X1,GigabitEthernet0/2/1,CANTV-1,,,,,
 VECREDNOC1004X1,GigabitEthernet0/2/1.700,,700,172.23.255.253 255.255.255.252,,,
 VECREDNOC1004X1,GigabitEthernet0/2/1.851,CANTV_ME_ID:7183-0001640/IFX_PORT:2301-0152591,851,172.23.255.249 255.255.255.252,,,
 VECREDNOC1004X1,GigabitEthernet0/2/2,,,,,,
 VECREDNOC1004X1,GigabitEthernet0/2/2.980,CANTV-PEER,980,172.23.255.233 255.255.255.252,,,
 VECREDNOC1004X1,GigabitEthernet0/2/3,,,,,,
 VECREDNOC1004X1,GigabitEthernet0/2/3.1,,1 native,172.23.253.65 255.255.255.240,,,
 VECREDNOC1004X1,GigabitEthernet0/2/3.17,Alcaldia-Chacao;ID:25550,,,,,
 VECREDNOC1004X1,GigabitEthernet0/2/3.20,OCEAN_DRIVE;ID:20818,20,181.225.44.129 255.255.255.248,50M,50M,
 VECREDNOC1004X1,GigabitEthernet0/2/3.31,CHACON-COBRE-VL31,31,190.94.210.25 255.255.255.252,50M,50M,
 VECREDNOC1004X1,GigabitEthernet0/2/3.50,,50,172.23.255.165 255.255.255.252,,,
 VECREDNOC1004X1,GigabitEthernet0/2/3.51,,51,172.23.255.169 255.255.255.252,,,
 VECREDNOC1004X1,GigabitEthernet0/2/3.102,DVA-SERVICIOS;ID:21467,102,172.23.255.153 255.255.255.252,50M,50M,
 VECREDNOC1004X1,GigabitEthernet0/2/4(shutdown),,,,,,
 VECREDNOC1004X1,GigabitEthernet0/2/5(shutdown),,,,,,
 VECREDNOC1004X1,GigabitEthernet0/2/6(shutdown),,,,,,
 VECREDNOC1004X1,GigabitEthernet0/2/7(shutdown),,,,,,
 VECREDNOC1004X1,TenGigabitEthernet0/3/0,GPON-OLT-CRED-31052022,,,,,
 VECREDNOC1004X1,TenGigabitEthernet0/3/0.1030,PRIMTEK-T-DOMUS;ID:26592,1030,172.23.241.113 255.255.255.252,100M,100M,
 VECREDNOC1004X1,TenGigabitEthernet0/3/0.3001,LIBER-NETWORK-CONSUL,3001,172.23.246.65 255.255.255.252,50M,50M,
 VECREDNOC1004X1,TenGigabitEthernet0/3/0.3003,LIBER-EVENPRO,3003,172.23.247.61 255.255.255.252,300M,300M,
 VECREDNOC1004X1,TenGigabitEthernet0/3/0.3004,GPON1-LIBER-COELLO-VEGA,3004,172.23.247.181 255.255.255.252,500M,500M,
 VECREDNOC1004X1,TenGigabitEthernet0/3/0.3007,LIBER-NUBOTEK-FIBRA,3007,172.23.253.217 255.255.255.252,50M,50M,
 VECREDNOC1004X1,TenGigabitEthernet0/3/0.3009,CONSULTORES-SC;ID:26154,3009,172.23.247.189 255.255.255.252,50M,50M,
 VECREDNOC1004X1,TenGigabitEthernet0/3/0.3010,LIBER-QUINTA-MERCED,3010,172.23.241.237 255.255.255.252,50M,50M,
 VECREDNOC1004X1,TenGigabitEthernet0/3/0.3011,LIBER-AMNISTIA,3011,172.23.246.73 255.255.255.252,50M,50M,
 VECREDNOC1004X1,TenGigabitEthernet0/3/0.3012,LIBER-MACROTEL ,3012,172.23.246.77 255.255.255.252,50M,50M,
 VECREDNOC1004X1,TenGigabitEthernet0/3/0.3013,LIBER-PLUS-CONTACT,3013,172.23.246.81 255.255.255.252,50M,50M,
 VECREDNOC1004X1,TenGigabitEthernet0/3/0.3014,LIBER-QUINTA-CAPIHUE,3014,172.23.241.85 255.255.255.252,50M,50M,
 VECREDNOC1004X1,TenGigabitEthernet0/3/0.3015,LIBER-DIRECTA-GROUP,3015,172.23.246.93 255.255.255.252,60M,60M,
 VECREDNOC1004X1,TenGigabitEthernet0/3/0.3016,LIBER-EMB-PAISES-BAJOS,3016,172.23.246.97 255.255.255.252,50M,50M,
 VECREDNOC1004X1,TenGigabitEthernet0/3/0.3018,LIBER-CORP-ASIA,3018,172.23.246.41 255.255.255.252,50M,50M,
 VECREDNOC1004X1,TenGigabitEthernet0/3/0.3019,LIBER-QTA-SAN-LUIS,3019,172.23.246.45 255.255.255.252,50M,50M,
 VECREDNOC1004X1,TenGigabitEthernet0/3/0.3020,QTA-PIKAPU;ID:26248,3020,172.23.246.145 255.255.255.252,50M,50M,
 VECREDNOC1004X1,TenGigabitEthernet0/3/0.3021,QTA-SETORRAY;ID:26224,3021,172.23.246.109 255.255.255.252,50M,50M,
 VECREDNOC1004X1,TenGigabitEthernet0/3/0.3022,QTA-EL-RINCON;ID:26310,3022,172.23.246.169 255.255.255.252,50M,50M,
 VECREDNOC1004X1,TenGigabitEthernet0/3/0.3023,QTA-EL-SAMAN;ID:26386,3023,172.23.246.173 255.255.255.252,60M,60M,
 VECREDNOC1004X1,TenGigabitEthernet0/3/0.3024,QTA-SALTAMONTES;ID:26311,3024,172.23.246.49 255.255.255.252,50M,50M,
 VECREDNOC1004X1,TenGigabitEthernet0/3/0.3025,COUNTRY-CLUB;ID:26255,3025,172.23.246.193 255.255.255.252,100M,100M,
 VECREDNOC1004X1,TenGigabitEthernet0/3/0.3026,AISVE;ID:25942,3026,172.23.252.241 255.255.255.252,50M,50M,
 VECREDNOC1004X1,TenGigabitEthernet0/3/0.3028,LIBER-SALVAFOOD-PZA-VZLA,3028,172.23.246.229 255.255.255.252,50M,50M,
 VECREDNOC1004X1,TenGigabitEthernet0/3/0.3029,LIBER-SOFTECH,3029,172.23.243.1 255.255.255.252,50M,50M,
 VECREDNOC1004X1,TenGigabitEthernet0/3/0.3030,LIBER-BEYOND-CC,3030,172.23.251.145 255.255.255.252,80M,80M,
 VECREDNOC1004X1,TenGigabitEthernet0/3/0.3031,LAB-BEHRENS;ID:26242,3031,172.23.251.149 255.255.255.252,60M,60M,
 VECREDNOC1004X1,TenGigabitEthernet0/3/0.3032,LIBER-QUINTA-RE,3032,172.23.251.157 255.255.255.252,60M,60M,
 VECREDNOC1004X1,TenGigabitEthernet0/3/0.3033,CLEA-TELECOM;ID:26305,3033,172.23.243.57 255.255.255.252,50M,50M,
 VECREDNOC1004X1,TenGigabitEthernet0/3/0.3034,LIB-QUINTA-EMECINCO,3034,172.23.243.145 255.255.255.252,50M,50M,
 VECREDNOC1004X1,TenGigabitEthernet0/3/0.3035,LIBER-SOLUCIONESTI,3035,172.23.251.81 255.255.255.252,50M,50M,
 VECREDNOC1004X1,TenGigabitEthernet0/3/0.3036,SOAINT;ID:26163,3036,172.23.247.93 255.255.255.252,50M,50M,
 VECREDNOC1004X1,TenGigabitEthernet0/3/0.3037,LIBER-SOL-COELLO-P6,3037,172.23.245.21 255.255.255.252,500M,500M,
 VECREDNOC1004X1,TenGigabitEthernet0/3/0.3038,GPON-VL3038-LIBER-MICASITA,3038,172.23.246.33 255.255.255.252,300M,300M,
 VECREDNOC1004X1,TenGigabitEthernet0/3/0.3039,GPON-VL1045-LIBER-QUINTA-SOLERA,3039,172.23.246.69 255.255.255.252,300M,300M,
 VECREDNOC1004X1,TenGigabitEthernet0/3/0.3040,DAV-DUBBING;ID:26042,3040,172.23.248.13 255.255.255.252,50M,50M,
 VECREDNOC1004X1,TenGigabitEthernet0/3/0.3041,LIBER-CLI-SANTIAGO-L,3041,172.23.243.193 255.255.255.252,100M,100M,
 VECREDNOC1004X1,TenGigabitEthernet0/3/0.3042,LIBER-CONDOMI-BANCOP,3042,172.23.247.245 255.255.255.252,50M,50M,
 VECREDNOC1004X1,TenGigabitEthernet0/3/0.3043,LIBER-SHAAREI-SHALOM,3043,190.94.210.157 255.255.255.252,4M,4M,
 VECREDNOC1004X1,TenGigabitEthernet0/3/0.3044,LIBER-MORE,3044,172.23.248.81 255.255.255.252,50M,50M,
 VECREDNOC1004X1,TenGigabitEthernet0/3/0.3045,LIBER-QTA-BELVEDERE,3045,172.23.243.245 255.255.255.252,300M,300M,
 VECREDNOC1004X1,TenGigabitEthernet0/3/0.3046,LIBER-TKONEKTO,3046,172.23.241.69 255.255.255.252,200M,200M,
 VECREDNOC1004X1,TenGigabitEthernet0/3/0.3047,LIBER-FARMA-HB,3047,172.23.241.129 255.255.255.252,40M,40M,
 VECREDNOC1004X1,TenGigabitEthernet0/3/0.3048,LIBER-QUINTA-VY,3048,172.23.241.197 255.255.255.252,100M,100M,
 VECREDNOC1004X1,TenGigabitEthernet0/3/0.3049,FARM-HB-PLZ-VE;ID:26557,3049,172.23.241.157 255.255.255.252,60M,60M,
 VECREDNOC1004X1,TenGigabitEthernet0/3/0.3100,LIBER-JRL,3100,172.23.246.21 255.255.255.252,50M,50M,
 VECREDNOC1004X1,TenGigabitEthernet0/3/0.3102,GALI-METRO-MULTICENT,3102,172.23.241.193 255.255.255.252,50M,50M,
 VECREDNOC1004X1,TenGigabitEthernet0/3/0.3103,UVI-TECH;ID:26073,3103,172.23.248.109 255.255.255.252,50M,50M,
 VECREDNOC1004X1,TenGigabitEthernet0/3/0.3104,GPON-CRED-METRO-HOYADA,3104,172.23.241.1 255.255.255.252,100M,100M,
 VECREDNOC1004X1,TenGigabitEthernet0/3/0.3105,GPON-CRED-ALC-LIBERTADOR,3105,172.23.241.5 255.255.255.252,100M,100M,
 VECREDNOC1004X1,TenGigabitEthernet0/3/0.3106,CRED-TELCORP-PYG,3106,172.23.241.101 255.255.255.252,100M,100M,
 VECREDNOC1004X1,TenGigabitEthernet0/3/0.3107,CRED-LASER-AIRLINES,3107,172.23.241.17 255.255.255.252,100M,100M,
 VECREDNOC1004X1,TenGigabitEthernet0/3/0.3108,CRED-HERMO,3108,172.23.241.41 255.255.255.252,100M,100M,
 VECREDNOC1004X1,TenGigabitEthernet0/3/0.3201,GALI-PURO-PAGO,3201,172.23.246.137 255.255.255.252,60M,60M,
 VECREDNOC1004X1,TenGigabitEthernet0/3/0.3211,REVERON-2;ID:26236,3211,172.23.246.197 255.255.255.252,50M,50M,
 VECREDNOC1004X1,TenGigabitEthernet0/3/0.3216,ESMARTKEEP;ID:26280,3216,172.23.246.125 255.255.255.252,50M,50M,
 VECREDNOC1004X1,TenGigabitEthernet0/3/0.3222,PANEL-SYSTEMS;ID:26308,3222,172.23.243.53 255.255.255.252,60M,60M,
 VECREDNOC1004X1,TenGigabitEthernet0/3/0.3250,CLUB-PTO-AZUL;ID:26302,3250,172.23.243.37 255.255.255.252,50M,50M,
 VECREDNOC1004X1,TenGigabitEthernet0/3/0.3251,ESP-ORIENTALES;ID:26287,3251,172.23.243.41 255.255.255.252,50M,50M,
 VECREDNOC1004X1,TenGigabitEthernet0/3/0.3252,TUNO-COPIKON,3252,172.23.243.45 255.255.255.252,50M,50M,
 VECREDNOC1004X1,TenGigabitEthernet0/3/0.3253,LOCATEL-SM;ID:25929,3253,172.23.253.101 255.255.255.252,50M,50M,
 VECREDNOC1004X1,TenGigabitEthernet0/3/0.3258,TUNO-CORP-CALL-77,3258,172.23.243.141 255.255.255.252,100M,100M,
 VECREDNOC1004X1,TenGigabitEthernet0/3/0.3259,TUNO-EXCLU-VAGU,3259,172.23.241.173 255.255.255.252,100M,100M,
 VECREDNOC1004X1,TenGigabitEthernet0/3/0.3260,TUNO-REINALDO,3260,190.94.199.45 255.255.255.252,100M,100M,
 VECREDNOC1004X1,TenGigabitEthernet0/3/0.3261,TUNO-MDA-TV,3261,172.23.243.93 255.255.255.252,60M,60M,
 VECREDNOC1004X1,TenGigabitEthernet0/3/0.3262,TUNO-ASA-STEKI,3262,172.23.244.241 255.255.255.252,50M,50M,
 VECREDNOC1004X1,TenGigabitEthernet0/3/0.3263,SKYTEX;ID:26049,3263,172.23.244.249 255.255.255.252,50M,50M,
 VECREDNOC1004X1,TenGigabitEthernet0/3/0.3264,SKYTEX-2;ID:26049,3264,172.23.244.61 255.255.255.252,50M,50M,
 VECREDNOC1004X1,TenGigabitEthernet0/3/0.3265,PRODEC;ID:26240,3265,172.23.243.173 255.255.255.252,50M,50M,
 VECREDNOC1004X1,TenGigabitEthernet0/3/0.3266,TUNO-MOBRITECK-IMP,3266,172.23.243.189 255.255.255.252,40M,40M,
 VECREDNOC1004X1,TenGigabitEthernet0/3/0.3267,WORLD-TRADING;ID:26211,3267,172.23.254.85 255.255.255.252,40M,40M,
 VECREDNOC1004X1,TenGigabitEthernet0/3/0.3268,TUNO-TOP-FOOD,3268,172.23.244.5 255.255.255.252,40M,40M,
 VECREDNOC1004X1,TenGigabitEthernet0/3/0.3269,QUINTA-EL-MAISSANCO;ID:26254,3269,172.23.244.141 255.255.255.252,50M,50M,
 VECREDNOC1004X1,TenGigabitEthernet0/3/0.3270,COELLO-CVA-MER;ID:26329,3270,172.23.244.157 255.255.255.252,20M,20M,
 VECREDNOC1004X1,TenGigabitEthernet0/3/0.3271,DEST-CARUPANO;ID:26284,3271,172.23.244.173 255.255.255.252,40M,40M,
 VECREDNOC1004X1,TenGigabitEthernet0/3/0.3272,TUNO-YEET-DE-VEN,3272,172.23.243.201 255.255.255.252,50M,50M,
 VECREDNOC1004X1,TenGigabitEthernet0/3/0.3273,RED1-VL3273-TUNO-DANCINGDOLLY,3273,172.23.251.61 255.255.255.252,30M,30M,
 VECREDNOC1004X1,TenGigabitEthernet0/3/0.3274,RED1-VL3274-TUNO-ESTIVANELI,3274,172.23.251.113 255.255.255.252,50M,50M,
 VECREDNOC1004X1,TenGigabitEthernet0/3/0.3275,RED1-VL3275-TUNO-TOLONET-FIBRA,3275,172.23.252.93 255.255.255.252,50M,50M,
 VECREDNOC1004X1,TenGigabitEthernet0/3/0.3276,RED1-VL3276-TUNO-PASEO-L-M,3276,172.23.250.181 255.255.255.252,50M,50M,
 VECREDNOC1004X1,TenGigabitEthernet0/3/0.3277,RED1-VL3277-TUNO-EMB-RUSIA,3277,172.23.250.229 255.255.255.252,70M,70M,
 VECREDNOC1004X1,TenGigabitEthernet0/3/0.3278,RED1-VL3278-TUNO-LOBBY-AH,3278,172.23.248.1 255.255.255.252,50M,50M,
 VECREDNOC1004X1,TenGigabitEthernet0/3/0.3279,RED1-VL3279-TUNO-QTA-MARY,3279,172.23.248.77 255.255.255.252,50M,50M,
 VECREDNOC1004X1,TenGigabitEthernet0/3/0.3280,FINAL-CURVE;ID:26080,3280,172.23.248.65 255.255.255.252,40M,40M,
 VECREDNOC1004X1,TenGigabitEthernet0/3/0.3281,RED1-VL3281-TUNO-ISARQ,3281,172.23.248.153 255.255.255.252,50M,50M,
 VECREDNOC1004X1,TenGigabitEthernet0/3/0.3282,RED1-VL3282-TUNO-AUDIO-CONCEPT,3282,172.23.248.229 255.255.255.252,50M,50M,
 VECREDNOC1004X1,TenGigabitEthernet0/3/0.3283,RED1-VL3283-TUNO-CONAVEN,3283,172.23.248.237 255.255.255.252,50M,50M,
 VECREDNOC1004X1,TenGigabitEthernet0/3/0.3284,RED1-VL3284-TUNO-MODUSISTEMA,3284,172.23.247.21 255.255.255.252,50M,50M,
 VECREDNOC1004X1,TenGigabitEthernet0/3/0.3285,TUNO-BANKING,3285,172.23.243.177 255.255.255.252,160M,160M,
 VECREDNOC1004X1,TenGigabitEthernet0/3/0.3286,RED1-VL3286-TUNO-ECHO-LINK,3286,172.23.247.157 255.255.255.252,50M,50M,
 VECREDNOC1004X1,TenGigabitEthernet0/3/0.3287,RED1-VL3287-TUNO-UNION-EUROPEA-MUD,3287,172.23.255.217 255.255.255.252,50M,50M,
 VECREDNOC1004X1,TenGigabitEthernet0/3/0.3288,GPON-VL3288-HECTICUS;ID:26162,3288,172.23.247.193 255.255.255.252,50M,50M,
 VECREDNOC1004X1,TenGigabitEthernet0/3/0.3289,RED1-VL483-TUNO-MUEBLES-MARY ,3289,172.23.245.89 255.255.255.252,50M,50M,
 VECREDNOC1004X1,TenGigabitEthernet0/3/0.3290,GPON-VL3290-INTERVIT;ID:26209,3290,172.23.245.233 255.255.255.252,50M,50M,
 VECREDNOC1004X1,TenGigabitEthernet0/3/0.3291,GPON-VL3291-CONSEIN;ID:22645,3291,172.23.253.249 255.255.255.252,50M,50M,
 VECREDNOC1004X1,TenGigabitEthernet0/3/0.3292,GPON-VL3292-CLUB-VALLE-ARRIBA;ID:26259,3292,181.225.53.81 255.255.255.248,200M,200M,
 VECREDNOC1004X1,TenGigabitEthernet0/3/0.3294,TUNO-FARMA-HB-CHRMOS,3294,172.23.241.221 255.255.255.252,60M,60M,
 VECREDNOC1004X1,TenGigabitEthernet0/3/0.3295,TUNO-LA-PAGODA-CM,3295,172.23.241.161 255.255.255.252,50M,50M,
 VECREDNOC1004X1,TenGigabitEthernet0/3/0.3296,TUNO-CARROFERTA,3296,172.23.241.225 255.255.255.252,100M,100M,
 VECREDNOC1004X1,TenGigabitEthernet0/3/0.3297,TUNO-DUMI-TORROSA,3297,172.23.241.109 255.255.255.252,100M,100M,
 VECREDNOC1004X1,TenGigabitEthernet0/3/0.3298,TUNO-ROBIN-AGENCY,3298,172.23.241.49 255.255.255.252,50M,50M,
 VECREDNOC1004X1,TenGigabitEthernet0/3/0.3350,ELUN-GUILLERMO-AMAR,3350,172.23.243.205 255.255.255.252,50M,50M,
 VECREDNOC1004X1,TenGigabitEthernet0/3/0.3351,ELUN-SAFARI-BAKERY,3351,172.23.243.213 255.255.255.252,40M,40M,
 VECREDNOC1004X1,TenGigabitEthernet0/3/0.3352,DIPROMULCA;ID:26136,3352,172.23.247.201 255.255.255.252,50M,50M,
 VECREDNOC1004X1,TenGigabitEthernet0/3/0.3353,CORP-LAZAM;ID:26053,3353,172.23.248.165 255.255.255.252,,50M,
 VECREDNOC1004X1,TenGigabitEthernet0/3/0.3354,ELCO;ID:25990,3354,172.23.252.229 255.255.255.252,50M,50M,
 VECREDNOC1004X1,TenGigabitEthernet0/3/0.3355,ELUN-CICPC-URDANETA,3355,172.23.244.125 255.255.255.252,20M,20M,
 VECREDNOC1004X1,TenGigabitEthernet0/3/0.3356,ELUN-CICPC-PCARABOBO,3356,172.23.244.129 255.255.255.252,20M,20M,
 VECREDNOC1004X1,TenGigabitEthernet0/3/0.3357,CARTONERACCS;ID:25969,3357,172.23.252.149 255.255.255.252,50M,50M,
 VECREDNOC1004X1,TenGigabitEthernet0/3/0.3358,FARMARATO;ID:26312,3358,172.23.244.225 255.255.255.252,40M,40M,
 VECREDNOC1004X1,TenGigabitEthernet0/3/0.3359,ELUN-CVA-CENTRO,3359,172.23.245.205 255.255.255.252,40M,40M,
 VECREDNOC1004X1,TenGigabitEthernet0/3/0.3360,ELUN-GRUPESKA,3360,172.23.248.105 255.255.255.252,50M,50M,
 VECREDNOC1004X1,TenGigabitEthernet0/3/0.3361,ELUN-HOTEL-ALEX,3361,172.23.244.229 255.255.255.252,60M,60M,
 VECREDNOC1004X1,TenGigabitEthernet0/3/0.3362,GPON-ELUN-SGF-AV-FA,3362,172.23.254.81 255.255.255.252,50M,50M,
 VECREDNOC1004X1,TenGigabitEthernet0/3/0.3363,ELUN-SISTEM1902,3363,172.23.241.165 255.255.255.252,50M,50M,
 VECREDNOC1004X1,TenGigabitEthernet0/3/0.3900,LIBER-FRESH-TECH-BP(26556),3900,172.23.241.45 255.255.255.252,50M,50M,
 VECREDNOC1004X1,TenGigabitEthernet1/0/0,,,,,,
 VECREDNOC1004X1,TenGigabitEthernet1/0/1,,,,,,
 VECREDNOC1004X1,TenGigabitEthernet1/0/2,CCSJ4500CREX2_xe-0/0/10_CRED-LIBER,,,,,
 VECREDNOC1004X1,TenGigabitEthernet1/0/2.251,CRED-SILVERDATA,251,190.94.199.185 255.255.255.252,SILVERDATA,SILVERDATA,
 VECREDNOC1004X1,TenGigabitEthernet1/0/2.253,CRED-LEBH-IFXSERVERS,253,181.225.41.65 255.255.255.240,,,
 VECREDNOC1004X1,TenGigabitEthernet1/0/2.255,CRED-BANTEL,255,200.62.9.157 255.255.255.252,1G,1G,
 VECREDNOC1004X1,TenGigabitEthernet1/0/2.264,CRED-VIPTEL,264,200.62.26.197 255.255.255.252,VIPTEL,VIPTEL,
 VECREDNOC1004X1,TenGigabitEthernet1/0/2.269(shutdown),CRED-TVZ_POZ-2021-2,269,172.23.255.53 255.255.255.252,,,
 VECREDNOC1004X1,TenGigabitEthernet1/0/2.276,CRED-INTERLINEMAK,276,190.94.218.105 255.255.255.248,500M,500M,
 VECREDNOC1004X1,TenGigabitEthernet1/0/2.279(shutdown),CRED-TVZ_POZ-2022-1,279,172.23.255.97 255.255.255.252,,,
 VECREDNOC1004X1,TenGigabitEthernet1/0/2.282(shutdown),CRED-TVZ_POZ-2022-2,282,172.23.252.125 255.255.255.252,,,
 VECREDNOC1004X1,TenGigabitEthernet1/0/2.298,CRED-7LINK,298,181.225.44.17 255.255.255.248,7-LINK,7-LINK,
 VECREDNOC1004X1,TenGigabitEthernet1/0/2.961,ELUN-MB-INT-1,961,190.94.211.41 255.255.255.248,80M,80M,
 VECREDNOC1004X1,TenGigabitEthernet1/0/2.1014,LIBER-COL-SINAI,1014,172.23.255.157 255.255.255.252,50M,50M,
 VECREDNOC1004X1,TenGigabitEthernet1/0/2.1022,LIBER-QUALCOM,1022,190.94.209.57 255.255.255.248,QUALCOM,QUALCOM,
 VECREDNOC1004X1,TenGigabitEthernet1/0/2.1031,LIBER-PLATCOMM,1031,172.23.247.89 255.255.255.252,10M,10M,
 VECREDNOC1004X1,TenGigabitEthernet1/0/2.1041(shutdown),CARACAS-RED-TELECOM;ID:26256,1041,190.94.243.89 255.255.255.248,CCSRED,CCSRED,
 VECREDNOC1004X1,TenGigabitEthernet1/0/2.1042(shutdown),LIBER-DORAL-PRAG;ID:26056,1042,172.23.245.125 255.255.255.252,,,
 VECREDNOC1004X1,TenGigabitEthernet1/0/2.1043,LIBER-GESTION-OLT,1043,172.23.252.209 255.255.255.252,,,
 VECREDNOC1004X1,TenGigabitEthernet1/0/2.1046,LIBER-BPLAZA-IP,1046,172.23.255.113 255.255.255.252,40M,40M,
 VECREDNOC1004X1,TenGigabitEthernet1/0/2.1048,BPLAZA-MGMT;ID:26317,1048,172.23.254.205 255.255.255.252,,,
 VECREDNOC1004X1,TenGigabitEthernet1/0/2.1049,LIBER-GTITHOST,1049,181.225.43.137 255.255.255.248,200M,200M,
 VECREDNOC1004X1,TenGigabitEthernet1/0/2.1161,ANAUC-IESA;ID:26129,1161,172.23.245.53 255.255.255.252,100M,100M,
 VECREDNOC1004X1,TenGigabitEthernet1/0/2.1209,SINAI-SACVEN,1209,172.23.253.201 255.255.255.252,50M,50M,
 VECREDNOC1004X1,TenGigabitEthernet1/0/2.1951,CRED-VIVAX-PYG,1951,172.23.254.173 255.255.255.252,110M,110M,
 VECREDNOC1004X1,TenGigabitEthernet1/0/2.1953,CRED-PS-LA-TRINIDAD,1953,172.23.252.193 255.255.255.252,200M,200M,
 VECREDNOC1004X1,TenGigabitEthernet1/0/2.3602,DAYCO-PLATCOMM-IP; ID:26161,3602,190.94.198.81 255.255.255.248,30M,30M,
 VECREDNOC1004X1,TenGigabitEthernet1/0/3,CCSJ4500CREX2_xe-0/0/9_GALI-PCR,,,,,
 VECREDNOC1004X1,TenGigabitEthernet1/0/3.266,CRED-SUPERCABLE,266,190.94.208.205 255.255.255.252,SUPERCABLE,SUPERCABLE,
 VECREDNOC1004X1,TenGigabitEthernet1/0/3.501,DESOMI-T-CAVENDES;ID:26589,501,172.23.241.181 255.255.255.252,60M,60M,
 VECREDNOC1004X1,TenGigabitEthernet1/0/3.506,PCR-ECHYASOC,506,172.23.253.173 255.255.255.252,50M,50M,
 VECREDNOC1004X1,TenGigabitEthernet1/0/3.507,PCR-FCHACON4 ,507,181.225.48.49 255.255.255.248,5M,5M,
 VECREDNOC1004X1,TenGigabitEthernet1/0/3.508,PCR-GARCIA-TUNON,508,172.23.245.141 255.255.255.252,50M,50M,
 VECREDNOC1004X1,TenGigabitEthernet1/0/3.510,COLAS-RAIL;ID:25923,510,172.23.252.5 255.255.255.252,50M,50M,
 VECREDNOC1004X1,TenGigabitEthernet1/0/3.511,PCR-ESTANCIA-GRAN-2C,511,190.94.253.241 255.255.255.252,50M,50M,
 VECREDNOC1004X1,TenGigabitEthernet1/0/3.513,PCR-CON-PARCRISTAL,513,172.23.252.81 255.255.255.252,20M,20M,
 VECREDNOC1004X1,TenGigabitEthernet1/0/3.515,PRC-MOLINA-VIAJES(INT10M+VPN10M);ID:25957,515,172.23.252.137 255.255.255.252,20M,20M,
 VECREDNOC1004X1,TenGigabitEthernet1/0/3.519,PCR-GESTION-OLT,519,172.23.252.133 255.255.255.252,,,
 VECREDNOC1004X1,TenGigabitEthernet1/0/3.522,PCR-OPS,522,172.23.253.169 255.255.255.252,100M,100M,
 VECREDNOC1004X1,TenGigabitEthernet1/0/3.525,PCR-YPERGAS,525,172.23.251.177 255.255.255.252,100M,100M,
 VECREDNOC1004X1,TenGigabitEthernet1/0/3.527,PCR-PRIMA-ISC-BUNKER,527,172.23.255.245 255.255.255.252,50M,50M,
 VECREDNOC1004X1,TenGigabitEthernet1/0/3.531,PC-OIM-QUINTA-AA,531,172.23.242.69 255.255.255.252,200M,200M,
 VECREDNOC1004X1,TenGigabitEthernet1/0/3.532,PC-MOHEDANO-P3;ID:26592,532,172.23.241.249 255.255.255.252,20M,20M,
 VECREDNOC1004X1,TenGigabitEthernet1/0/3.535,PCR-VISA,535,172.23.250.161 255.255.255.252,50M,50M,
 VECREDNOC1004X1,TenGigabitEthernet1/0/3.536,PCR-UFPNA,536,172.23.250.169 255.255.255.252,100M,100M,
 VECREDNOC1004X1,TenGigabitEthernet1/0/3.538,PCR-ESTANCIA-GRANDE,538,190.94.210.85 255.255.255.252,50M,50M,
 VECREDNOC1004X1,TenGigabitEthernet1/0/3.539,PCR-DANAL-PARK,539,190.94.210.81 255.255.255.252,100M,100M,
 VECREDNOC1004X1,TenGigabitEthernet1/0/3.540,PCR-AIV-DEL-ESTE,540,172.23.250.81 255.255.255.252,50M,50M,
 VECREDNOC1004X1,TenGigabitEthernet1/0/3.541,PCR-BNAI-BRITH,541,190.94.210.73 255.255.255.252,4M,4M,
 VECREDNOC1004X1,TenGigabitEthernet1/0/3.542,PCR-JABAD-LUVAVITCH,542,190.94.210.69 255.255.255.252,50M,50M,
 VECREDNOC1004X1,TenGigabitEthernet1/0/3.543,PCR-TERRAZAS-ALTAM,543,172.23.250.233 255.255.255.252,20M,20M,
 VECREDNOC1004X1,TenGigabitEthernet1/0/3.544,PCR-CORP-SISA-LPG,544,172.23.250.185 255.255.255.252,50M,50M,
 VECREDNOC1004X1,TenGigabitEthernet1/0/3.546,PCR-CRUZ-ROJA,546,172.23.255.49 255.255.255.252,50M,50M,
 VECREDNOC1004X1,TenGigabitEthernet1/0/3.547,PCR-EFE,547,172.23.248.21 255.255.255.252,50M,50M,
 VECREDNOC1004X1,TenGigabitEthernet1/0/3.548,PCR-BRILUX,548,172.23.248.33 255.255.255.252,80M,80M,
 VECREDNOC1004X1,TenGigabitEthernet1/0/3.549,PCR-IKIGAI,549,172.23.248.37 255.255.255.252,20M,20M,
 VECREDNOC1004X1,TenGigabitEthernet1/0/3.550,PCR-ABRAHAM,550,172.23.248.41 255.255.255.252,60M,60M,
 VECREDNOC1004X1,TenGigabitEthernet1/0/3.551,GALI-FONDO-GLOBAL,551,172.23.255.229 255.255.255.252,40M,40M,
 VECREDNOC1004X1,TenGigabitEthernet1/0/3.552,ALCALDIA-CHACAO;ID:25550,552,172.23.255.209 255.255.255.252,60M,60M,
 VECREDNOC1004X1,TenGigabitEthernet1/0/3.553,INTERJURIS;ID:25986,553,172.23.251.29 255.255.255.252,80M,80M,
 VECREDNOC1004X1,TenGigabitEthernet1/0/3.555,GALI-EVEBA,555,172.23.251.69 255.255.255.252,80M,80M,
 VECREDNOC1004X1,TenGigabitEthernet1/0/3.556,GALI-LyH-NETWORKS,556,172.23.241.13 255.255.255.252,1G,1G,
 VECREDNOC1004X1,TenGigabitEthernet1/0/3.558,OVEJA-NEGRA;ID:26140,558,172.23.251.125 255.255.255.252,50M,50M,
 VECREDNOC1004X1,TenGigabitEthernet1/0/3.560,GALI-GESTION-OLT,560,172.23.252.217 255.255.255.252,,,
 VECREDNOC1004X1,TenGigabitEthernet1/0/3.561,EDGAR-BENAIM;ID:,561,172.23.241.57 255.255.255.252,50M,50M,
 VECREDNOC1004X1,TenGigabitEthernet1/0/3.562,PACIF;ID:25400,562,172.23.255.121 255.255.255.252,80M,80M,
 VECREDNOC1004X1,TenGigabitEthernet1/0/3.564,GALI-ANAYANSI,564,172.23.255.149 255.255.255.252,50M,50M,
 VECREDNOC1004X1,TenGigabitEthernet1/0/3.565,FAO;ID:26007,565,172.23.250.9 255.255.255.252,30M,30M,
 VECREDNOC1004X1,TenGigabitEthernet1/0/3.566,GALI_ORIENTAL;ID:22833,566,172.23.247.229 255.255.255.252,110M,110M,
 VECREDNOC1004X1,TenGigabitEthernet1/0/3.568,REVERON;ID:26236,568,172.23.250.33 255.255.255.252,50M,50M,
 VECREDNOC1004X1,TenGigabitEthernet1/0/3.569,TORINO;ID:26026,569,172.23.250.1 255.255.255.252,60M,60M,
 VECREDNOC1004X1,TenGigabitEthernet1/0/3.570,GALI-ROSNEFT,570,172.23.250.165 255.255.255.252,150M,150M,
 VECREDNOC1004X1,TenGigabitEthernet1/0/3.571,GALI-ACQUA-FONTANA,571,172.23.250.69 255.255.255.252,50M,50M,
 VECREDNOC1004X1,TenGigabitEthernet1/0/3.577,GALI-MS-INT-20,577,190.94.211.25 255.255.255.248,150M,150M,
 VECREDNOC1004X1,TenGigabitEthernet1/0/3.578,GALI-MS-INT-10-1,578,190.94.211.33 255.255.255.248,100M,100M,
 VECREDNOC1004X1,TenGigabitEthernet1/0/3.583,GALI_RES,583,172.23.248.69 255.255.255.252,,,
 VECREDNOC1004X1,TenGigabitEthernet1/0/3.586,GALI-MS-INT-10-2,586,190.94.211.49 255.255.255.248,40M,40M,
 VECREDNOC1004X1,TenGigabitEthernet1/0/3.589,GALI-TEKKOA-MEDE,589,190.94.199.177 255.255.255.252,330M,330M,
 VECREDNOC1004X1,TenGigabitEthernet1/0/3.590(shutdown),GALI-TECNOIMPULSO,590,172.23.245.121 255.255.255.252,TECNOIMPULSO,TECNOIMPULSO,
 VECREDNOC1004X1,TenGigabitEthernet1/0/3.591,SEPAGOS;ID:26226,591,172.23.247.81 255.255.255.252,60M,60M,
 VECREDNOC1004X1,TenGigabitEthernet1/0/3.594,ZUMA-SEGUROS;ID:26132,594,172.23.247.153 255.255.255.252,30M,30M,
 VECREDNOC1004X1,TenGigabitEthernet1/0/3.595,FINANTRUST;ID:26164,595,172.23.247.233 255.255.255.252,20M,20M,
 VECREDNOC1004X1,TenGigabitEthernet1/0/3.1501,PCR-NEXTPOINT,1501,172.23.247.161 255.255.255.252,20M,20M,
 VECREDNOC1004X1,TenGigabitEthernet1/0/3.1502,PCR-TEKKOA-LOUD-C,1502,172.23.241.145 255.255.255.252,50M,50M,
 VECREDNOC1004X1,TenGigabitEthernet1/0/3.1509,PCR-INTERNET-IFX,1509,190.94.208.41 255.255.255.252,,,
 VECREDNOC1004X1,TenGigabitEthernet1/0/3.1510,ABC-FINANCE;ID:26117,1510,190.94.245.49 255.255.255.248,100M,100M,
 VECREDNOC1004X1,TenGigabitEthernet1/0/3.1512,PCR-ASAP,1512,172.23.248.253 255.255.255.252,50M,50M,
 VECREDNOC1004X1,TenGigabitEthernet1/0/3.1513,PCR-ESTANCIA-GRANDE-1C,1513,190.94.208.89 255.255.255.252,50M,50M,
 VECREDNOC1004X1,TenGigabitEthernet1/0/3.1514,PCR-ESTANCIA-GRANDE-3A,1514,190.94.208.93 255.255.255.252,50M,50M,
 VECREDNOC1004X1,TenGigabitEthernet1/0/3.1515,RED1-VL1515-PCR-ESTANCIA-GRANDE-3C,1515,190.94.208.97 255.255.255.252,50M,50M,
 VECREDNOC1004X1,TenGigabitEthernet1/0/3.1516,PCR-ESTANCIA-GRANDE-4B,1516,190.94.208.101 255.255.255.252,50M,50M,
 VECREDNOC1004X1,TenGigabitEthernet1/0/3.1517,PCR-ESTANCIA-GRANDE-PHA,1517,190.94.208.105 255.255.255.252,50M,50M,
 VECREDNOC1004X1,TenGigabitEthernet1/0/3.1518,PCR-OBELISCO,1518,172.23.247.33 255.255.255.252,50M,50M,
 VECREDNOC1004X1,TenGigabitEthernet1/0/3.1520,PCR-REUTERS,1520,172.23.247.117 255.255.255.252,20M,20M,
 VECREDNOC1004X1,TenGigabitEthernet1/0/3.1521,PCR-RAMON-RAMIREZ,1521,172.23.247.133 255.255.255.252,50M,50M,
 VECREDNOC1004X1,TenGigabitEthernet1/0/3.1522,PCR-LEON-M&A,1522,172.23.247.149 255.255.255.252,50M,50M,
 VECREDNOC1004X1,TenGigabitEthernet1/0/3.1524,PCR-FONDO-DE-VALORES-QNTA,1524,172.23.247.165 255.255.255.252,40M,40M,
 VECREDNOC1004X1,TenGigabitEthernet1/0/3.1526,PCR-E-BUSINESS,1526,172.23.247.197 255.255.255.252,50M,50M,
 VECREDNOC1004X1,TenGigabitEthernet1/0/3.1527,PCR-DELLACQUA,1527,172.23.245.9 255.255.255.252,50M,50M,
 VECREDNOC1004X1,TenGigabitEthernet1/0/3.1528,PCR-MARITIMA-MAROLA,1528,172.23.247.225 255.255.255.252,30M,30M,
 VECREDNOC1004X1,TenGigabitEthernet1/0/3.1532(shutdown),PCR-DATINVOZ-TDELTA,1532,172.23.250.17 255.255.255.252,2G,2G,
 VECREDNOC1004X1,TenGigabitEthernet1/0/3.1534,PCR-MK_RES1,1534,172.23.253.213 255.255.255.252,,,
 VECREDNOC1004X1,TenGigabitEthernet1/0/3.1535,PCR-CONDOMINIO-CAURIMARE,1535,172.23.246.89 255.255.255.252,50M,50M,
 VECREDNOC1004X1,TenGigabitEthernet1/0/3.1545,PCR-COND-GALIPAN,1545,172.23.246.29 255.255.255.252,50M,50M,
 VECREDNOC1004X1,TenGigabitEthernet1/0/3.1548,PCR-OBRAS-PUBLICAS,1548,172.23.245.229 255.255.255.252,50M,50M,
 VECREDNOC1004X1,TenGigabitEthernet1/0/3.1553,GALI-AGEN-DE-FUTBOL,1553,172.23.245.57 255.255.255.252,10M,,
 VECREDNOC1004X1,TenGigabitEthernet1/0/3.1557,GALI-INV-CAYTAFA,1557,172.23.241.89 255.255.255.252,40M,40M,
 VECREDNOC1004X1,TenGigabitEthernet1/0/3.1558,GALI-MENCEY-CONTAC,1558,172.23.244.13 255.255.255.252,100M,100M,
 VECREDNOC1004X1,TenGigabitEthernet1/0/3.1559,MRW;ID:26188,1559,172.23.244.21 255.255.255.252,50M,50M,
 VECREDNOC1004X1,TenGigabitEthernet1/0/3.1560,POLICIA-CHACAO;ID:25401,1560,172.23.244.17 255.255.255.252,20M,20M,
 VECREDNOC1004X1,TenGigabitEthernet1/0/3.1561,CARROFERTA-LIDO;ID:26572,1561,172.23.241.185 255.255.255.252,100M,100M,
 VECREDNOC1004X1,TenGigabitEthernet1/0/3.1563,AGRO-AGUADIA;ID:26233,1563,172.23.244.81 255.255.255.252,50M,50M,
 VECREDNOC1004X1,TenGigabitEthernet1/0/3.1565,TELENET;ID:26245,1565,172.23.244.133 255.255.255.252,TELENET,TELENET,
 VECREDNOC1004X1,TenGigabitEthernet1/0/3.1568,ANALITICOM;ID:26278,1568,172.23.243.17 255.255.255.252,50M,50M,
 VECREDNOC1004X1,TenGigabitEthernet1/0/3.1573,MAESTRE;ID:26235,1573,172.23.246.177 255.255.255.252,50M,50M,
 VECREDNOC1004X1,TenGigabitEthernet1/0/3.1574(shutdown),GALI-INTERNET-DED,1574,172.23.241.217 255.255.255.252,400M,400M,
 VECREDNOC1004X1,TenGigabitEthernet1/0/3.1575,GLOBAL-UNO;ID:26194,1575,172.23.246.129 255.255.255.252,50M,50M,
 VECREDNOC1004X1,TenGigabitEthernet1/0/3.1577,POR-LA-PASTORA;ID:26298,1577,172.23.246.141 255.255.255.252,60M,60M,
 VECREDNOC1004X1,TenGigabitEthernet1/0/3.1578,IT-BUSINESS;ID:26237,1578,172.23.246.149 255.255.255.252,50M,50M,
 VECREDNOC1004X1,TenGigabitEthernet1/0/3.1579,VIVIR-SEGUROS;ID:26239,1579,172.23.246.153 255.255.255.252,50M,50M,
 VECREDNOC1004X1,TenGigabitEthernet1/0/3.1580,GALI-LAN-SUPPORT,1580,172.23.246.161 255.255.255.252,50M,50M,
 VECREDNOC1004X1,TenGigabitEthernet1/0/3.1582,GALI-SISNET-LIDO,1582,172.23.246.205 255.255.255.252,100M,100M,
 VECREDNOC1004X1,TenGigabitEthernet1/0/3.1583,GALI-HEFZIBA,1583,172.23.246.245 255.255.255.252,100M,100M,
 VECREDNOC1004X1,TenGigabitEthernet1/0/3.1585,ALPHATECH;ID:26265,1585,172.23.246.61 255.255.255.252,50M,50M,
 VECREDNOC1004X1,TenGigabitEthernet1/0/3.1586,VECIIINO;ID:26264,1586,172.23.246.217 255.255.255.252,50M,50M,
 VECREDNOC1004X1,TenGigabitEthernet1/0/3.1587,PERLA-DEL-SUR-2;ID:26207,1587,172.23.243.21 255.255.255.252,50M,50M,
 VECREDNOC1004X1,TenGigabitEthernet1/0/3.1588,PROPERTY;ID:26293,1588,172.23.243.25 255.255.255.252,50M,50M,
 VECREDNOC1004X1,TenGigabitEthernet1/0/3.1590,DIVIDENDO-VOLUNTARIO;ID:26295,1590,172.23.243.65 255.255.255.252,100M,100M,
 VECREDNOC1004X1,TenGigabitEthernet1/0/3.1592,OPTIDIALER;ID:26321,1592,172.23.243.161 255.255.255.252,50M,50M,
 VECREDNOC1004X1,TenGigabitEthernet1/0/3.1593,GALI-DROGU-TOKKEN-PAGOS,1593,172.23.243.113 255.255.255.252,50M,50M,
 VECREDNOC1004X1,TenGigabitEthernet1/0/3.1594,GALI-TEKKOA-BK2,1594,172.23.243.233 255.255.255.252,40M,40M,
 VECREDNOC1004X1,TenGigabitEthernet1/0/3.1595,GPON-VL3228-ZURICH;ID:26002,1595,172.23.251.121 255.255.255.252,60M,60M,
 VECREDNOC1004X1,TenGigabitEthernet1/0/3.1596,GPON-VL3229-GALI-FONDO-DE-VALORES,1596,172.23.248.169 255.255.255.252,150M,150M,
 VECREDNOC1004X1,TenGigabitEthernet1/0/3.1597,GPON-VL3230-PRIMTEK-27;ID:26258,1597,172.23.248.225 255.255.255.252,200M,200M,
 VECREDNOC1004X1,TenGigabitEthernet1/0/3.1598,ACCESS-SALUD;ID:26141,1598,172.23.247.209 255.255.255.252,100M,100M,
 VECREDNOC1004X1,TenGigabitEthernet1/0/3.1599,GALI-VENAMCHAM,1599,172.23.244.245 255.255.255.252,120M,120M,
 VECREDNOC1004X1,TenGigabitEthernet1/0/3.1600,GALI-NATIONAL-CARGO,1600,172.23.244.25 255.255.255.252,100M,100M,
 VECREDNOC1004X1,TenGigabitEthernet1/0/3.1604,GRUPO-OSEO-PC;ID:26169,1604,172.23.254.37 255.255.255.252,,,
 VECREDNOC1004X1,TenGigabitEthernet1/0/3.1610,PCR-LIBERTY-EXPRESS,1610,172.23.245.61 255.255.255.252,50M,50M,
 VECREDNOC1004X1,TenGigabitEthernet1/0/3.1618,PCR-TOTAL-OIL,1618,172.23.244.85 255.255.255.252,50M,50M,
 VECREDNOC1004X1,TenGigabitEthernet1/0/3.1619,PCR-BORN-RAISED,1619,172.23.244.89 255.255.255.252,50M,50M,
 VECREDNOC1004X1,TenGigabitEthernet1/0/3.1621(shutdown),PCR-DORAVILA,1621,172.23.246.133 255.255.255.252,,,
 VECREDNOC1004X1,TenGigabitEthernet1/0/3.1622,PCR-JOYERIA-RIO,1622,172.23.244.101 255.255.255.252,50M,50M,
 VECREDNOC1004X1,TenGigabitEthernet1/0/3.1626,PCR-TOP-IP-2_(TOP_ALLIED),1626,190.94.250.61 255.255.255.252,100M,100M,
 VECREDNOC1004X1,TenGigabitEthernet1/0/3.1628,PCR-HELIOS,1628,172.23.246.181 255.255.255.252,50M,50M,
 VECREDNOC1004X1,TenGigabitEthernet1/0/3.1632,PCR-ADM-MENGIM,1632,172.23.246.233 255.255.255.252,50M,50M,
 VECREDNOC1004X1,TenGigabitEthernet1/0/3.1633,PCR-INVERCAPITAL,1633,172.23.246.237 255.255.255.252,50M,50M,
 VECREDNOC1004X1,TenGigabitEthernet1/0/3.1636,PCR-MOHEDAN56-P1,1636,172.23.246.253 255.255.255.252,50M,50M,
 VECREDNOC1004X1,TenGigabitEthernet1/0/3.1638,PCR-PROAGRO,1638,172.23.241.65 255.255.255.252,40M,40M,
 VECREDNOC1004X1,TenGigabitEthernet1/0/3.1639,PCR-GRUPO-PHX,1639,172.23.246.117 255.255.255.252,50M,50M,
 VECREDNOC1004X1,TenGigabitEthernet1/0/3.1643,PCR-CRUZ-ROJA-GALIA,1643,172.23.243.5 255.255.255.252,40M,40M,
 VECREDNOC1004X1,TenGigabitEthernet1/0/3.1644,PCR-JAP-PAPPIER,1644,172.23.243.9 255.255.255.252,50M,50M,
 VECREDNOC1004X1,TenGigabitEthernet1/0/3.1645,PCR-REVERON-ROSARIO,1645,172.23.243.13 255.255.255.252,50M,50M,
 VECREDNOC1004X1,TenGigabitEthernet1/0/3.1646,PCR-GAMA-LPG,1646,172.23.244.197 255.255.255.252,,,
 VECREDNOC1004X1,TenGigabitEthernet1/0/3.1648,PCR-VIVA-SUPERCEN-SW ,1648,172.23.244.205 255.255.255.252,,,
 VECREDNOC1004X1,TenGigabitEthernet1/0/3.1649,PCR-TELECORP-C-LETONIA,1649,172.23.250.129 255.255.255.252,60M,60M,
 VECREDNOC1004X1,TenGigabitEthernet1/0/3.1751,PCR-GAMA-SEDUVIGIS ,1751,172.23.244.221 255.255.255.252,,,
 VECREDNOC1004X1,TenGigabitEthernet1/0/3.1753,PCR-PARAWA,1753,172.23.243.61 255.255.255.252,80M,80M,
 VECREDNOC1004X1,TenGigabitEthernet1/0/3.1755,PCR-SOLUCIONES-EMP,1755,172.23.243.153 255.255.255.252,60M,60M,
 VECREDNOC1004X1,TenGigabitEthernet1/0/3.1756,PCR-PNUD-VZLA,1756,172.23.243.157 255.255.255.252,30M,30M,
 VECREDNOC1004X1,TenGigabitEthernet1/0/3.1757,PCR-IG-NETWORKS,1757,172.23.243.101 255.255.255.252,50M,50M,
 VECREDNOC1004X1,TenGigabitEthernet1/0/3.1761,PCR-ROCAVILA,1761,172.23.243.169 255.255.255.252,60M,60M,
 VECREDNOC1004X1,TenGigabitEthernet1/0/3.1762,PRC-DRAGAS-DEL-SUR,1762,172.23.242.137 255.255.255.252,100M,100M,
 VECREDNOC1004X1,TenGigabitEthernet1/0/3.1763,PCR-BLUECHIP,1763,172.23.243.197 255.255.255.252,40M,40M,
 VECREDNOC1004X1,TenGigabitEthernet1/0/3.1764,PCR-IFRC,1764,172.23.244.253 255.255.255.252,150M,150M,
 VECREDNOC1004X1,TenGigabitEthernet1/0/3.1765,PCR-NTIS-C-LETONIA,1765,172.23.242.65 255.255.255.252,NTIS-LETONIA,NTIS-LETONIA,
 VECREDNOC1004X1,TenGigabitEthernet1/0/3.1766,PC-CONSULTORES-AMD,1766,172.23.242.133 255.255.255.252,50M,50M,
 VECREDNOC1004X1,TenGigabitEthernet1/0/3.1767,PC-ESCALABEDS,1767,172.23.241.149 255.255.255.252,50M,50M,
 VECREDNOC1004X1,TenGigabitEthernet1/0/3.1768,PC-CISE,1768,172.23.243.229 255.255.255.252,60M,60M,
 VECREDNOC1004X1,TenGigabitEthernet1/0/3.1771,C-SANTIAGO-LEON;ID:26340,1771,172.23.244.105 255.255.255.252,100M,100M,
 VECREDNOC1004X1,TenGigabitEthernet1/0/3.1772,PANDURE;ID:26527,1772,172.23.241.9 255.255.255.252,50M,50M,
 VECREDNOC1004X1,TenGigabitEthernet1/0/3.1774,ALIMENTOS-TUNAS;ID:26355,1774,172.23.241.241 255.255.255.252,50M,50M,
 VECREDNOC1004X1,TenGigabitEthernet1/0/3.4050,GALI-IGLESIA-C-ALEG,4050,172.23.248.29 255.255.255.252,20M,20M,
 VECREDNOC1004X1,TenGigabitEthernet1/0/3.4051,GALI-GPS,4051,172.23.251.165 255.255.255.252,80M,80M,
 VECREDNOC1004X1,TenGigabitEthernet1/0/3.4052,INST-ITALIANO;ID:26075,4052,172.23.248.25 255.255.255.252,10M,10M,
 VECREDNOC1004X1,TenGigabitEthernet1/0/3.4053,MAZAR;ID:25710,4053,172.23.253.205 255.255.255.252,140M,140M,
 VECREDNOC1004X1,TenGigabitEthernet1/0/3.4054,GALI-GRUPO-FALCON,4054,172.23.243.121 255.255.255.252,200M,200M,
 VECREDNOC1004X1,TenGigabitEthernet1/0/3.4055,GPON-GALI-FRESH-TECHS,4055,172.23.243.253 255.255.255.252,100M,100M,
 VECREDNOC1004X1,TenGigabitEthernet1/0/3.4056,GALI-CORPORACION-XDV,4056,172.23.243.241 255.255.255.252,80M,80M,
 VECREDNOC1004X1,TenGigabitEthernet1/0/3.4057,BEKESANTOS;ID:22647,4057,172.23.247.213 255.255.255.252,50M,50M,
 VECREDNOC1004X1,TenGigabitEthernet1/0/3.4058,BIXA;ID:26189,4058,172.23.245.137 255.255.255.252,80M,80M,
 VECREDNOC1004X1,TenGigabitEthernet1/0/3.4059,GALI-CONTRUCTORA-IHI,4059,172.23.247.141 255.255.255.252,50M,,
 VECREDNOC1004X1,TenGigabitEthernet1/0/3.4060,GALI-CLARKEMODET,4060,172.23.241.81 255.255.255.252,100M,100M,
 VECREDNOC1004X1,TenGigabitEthernet1/0/3.4061,GALI-GRUPO-LATAM,4061,172.23.241.21 255.255.255.252,50M,50M,
 VECREDNOC1004X1,TenGigabitEthernet1/0/3.4063,GALI-AXESS-NET,4063,172.23.241.25 255.255.255.252,100M,100M,
 VECREDNOC1004X1,TenGigabitEthernet1/0/4,CCSJ4500CREX2_xe-0/0/11_ELUN_SINAI,,,,,
 VECREDNOC1004X1,TenGigabitEthernet1/0/4.953,ELUN-SILVERDATA-TF;ID:26508,953,190.94.244.113 255.255.255.252,400M,400M,
 VECREDNOC1004X1,TenGigabitEthernet1/0/4.959,ELUN-VENCREDSANB,959,172.23.251.109 255.255.255.252,160M,160M,
 VECREDNOC1004X1,TenGigabitEthernet1/0/4.976,ELUN-TELENET-TORRE-F,976,172.23.243.129 255.255.255.252,TELENET-CENTRO,TELENET-CENTRO,
 VECREDNOC1004X1,TenGigabitEthernet1/0/4.979,INV-PENA;ID:26328,979,172.23.244.77 255.255.255.252,300M,300M,
 VECREDNOC1004X1,TenGigabitEthernet1/0/4.980,GAMA-SB-SW;ID:26091,980,172.23.244.49 255.255.255.252,,,
 VECREDNOC1004X1,TenGigabitEthernet1/0/4.1210,SINAI-SANTEC,1210,172.23.244.189 255.255.255.252,120M,120M,
 VECREDNOC1004X1,TenGigabitEthernet1/0/4.1211,SINAI-MK_RES,1211,172.23.255.117 255.255.255.252,,,
 VECREDNOC1004X1,TenGigabitEthernet1/0/4.1216,SINAI-MENDEZ-GIMON,1216,172.23.242.1 255.255.255.252,100M,100M,
 VECREDNOC1004X1,TenGigabitEthernet1/0/4.1217,SINAI-ELECTROCONDUCT,1217,172.23.242.5 255.255.255.252,50M,50M,
 VECREDNOC1004X1,TenGigabitEthernet1/0/4.1218(shutdown),SINAI-IRVENET,1218,172.23.241.37 255.255.255.252,IRVENET,IRVENET,
 VECREDNOC1004X1,TenGigabitEthernet1/0/4.1219,SINAI-HERMANDAD-GALL,1219,172.23.241.97 255.255.255.252,200M,200M,
 VECREDNOC1004X1,TenGigabitEthernet1/0/5,,,,,,
 VECREDNOC1004X1,GigabitEthernet0(shutdown),,,,,,
 CRED1006X1,Loopback0,VECCSNOC7206X2#,,181.225.41.19 255.255.255.255,,,
,,,,,,,
 CRED1006X1,Port-channel1,CCSJ5120CREDX1_ae1(BACKBONE),,,,,
 CRED1006X1,Port-channel1.9,CC-BACKBONE-L3-IFX,9,172.23.249.5 255.255.255.240,,,
 CRED1006X1,Port-channel1.30,CRED-LEBRUN,30,172.23.249.35 255.255.255.240,,,
 CRED1006X1,Port-channel2,CCSJ5120CREDX1_ae2(PROVIDERS),,,,,
 CRED1006X1,Port-channel2.915,LEV3-CL_IP - FRO2006909960,915,4.15.156.46 255.255.255.252,,,
 CRED1006X1,Port-channel3,CCSJ5120CREDX1_ae3(cust),,,,,
 CRED1006X1,Port-channel3.251(shutdown),CRED-SILVERDATA,251,190.94.199.185 255.255.255.252,SILVERDATA,SILVERDATA,
 CRED1006X1,Port-channel3.269,CRED-TVZ_POZ-2021-2,269,172.23.255.53 255.255.255.252,,,
 CRED1006X1,Port-channel3.279,CRED-TVZ_POZ-2022-1,279,172.23.255.97 255.255.255.252,,,
 CRED1006X1,Port-channel3.281,CRED-TVZ-MTN-2022-1,281,172.23.253.237 255.255.255.252,,,
 CRED1006X1,Port-channel3.282,CRED-TVZ_POZ-2022-2,282,172.23.252.125 255.255.255.252,,,
 CRED1006X1,Port-channel3.283,CRED-TVZ-CA1-2022,283,172.23.250.25 255.255.255.252,,,
 CRED1006X1,Port-channel3.284,CRED-TVZ-LC1-2022,284,172.23.251.25 255.255.255.252,,,
 CRED1006X1,Port-channel3.556(shutdown),GALI-LyH-NETWORKS,556,172.23.241.13 255.255.255.252,GALI-LyH-NETWORKS,GALI-LyH-NETWORKS,
 CRED1006X1,Port-channel3.590,GALI-TECNOIMPULSO,590,172.23.245.121 255.255.255.252,TECNOIMPULSO,TECNOIMPULSO,
 CRED1006X1,Port-channel3.1041,CARACAS-RED-TELECOM;ID:26256,1041,190.94.243.89 255.255.255.248,CCSRED,CCSRED,
 CRED1006X1,Port-channel3.1042,DORAL-PRAG;ID:26056,1042,172.23.245.125 255.255.255.252,,,
 CRED1006X1,Port-channel3.1218,SINAI-IRVENET,1218,172.23.241.37 255.255.255.252,IRVENET,IRVENET,
 CRED1006X1,Port-channel3.1532,PCR-DATINVOZ-TDELTA,1532,172.23.250.17 255.255.255.252,PCR-DATINVOZ-TDELTA,PCR-DATINVOZ-TDELTA,
 CRED1006X1,Port-channel3.1574,GALI-INTERNET-DED,1574,172.23.241.217 255.255.255.252,400M,400M,
 CRED1006X1,Port-channel3.1765(shutdown),PCR-NTIS-C-LETONIA,1765,172.23.242.65 255.255.255.252,NTIS-LETONIA,NTIS-LETONIA,
 CRED1006X1,FortyGigabitEthernet0/0/0,CCSJ5120CREDX1_Eth0/0/54,,,,,
 CRED1006X1,FortyGigabitEthernet0/0/1,CCSJ5120CREDX1_Eth0/0/55,,,,,
 CRED1006X1,FortyGigabitEthernet0/1/0,CCSJ5120CREDX1_Eth0/0/52,,,,,
 CRED1006X1,FortyGigabitEthernet0/1/1,,,,,,
 CRED1006X1,GigabitEthernet0,,,,,,
 VECCSNOC7206X3,Tunnel0,JC-STUFF,,192.168.245.142 255.255.255.252,,,
,,,,,,,
 VECCSNOC7206X3,Tunnel1(shutdown),,,,,,
 VECCSNOC7206X3,Tunnel2,TUNNEL-VIVAX;ID:21679,,172.23.249.129 255.255.255.252,,,
 VECCSNOC7206X3,Tunnel3,TUNNEL-INFRA_MCCY-IFXCISCOX2;ID:21476,,172.31.255.1 255.255.255.252,,,
 VECCSNOC7206X3,Loopback0,VECCSNOC7206X3,,181.225.41.20 255.255.255.255,,,
 VECCSNOC7206X3,Loopback1,,,181.225.46.247 255.255.255.255,,,
 VECCSNOC7206X3,GigabitEthernet0/1,,,,,,
 VECCSNOC7206X3,GigabitEthernet0/1.9,,9 native,172.23.249.6 255.255.255.240,,,
 VECCSNOC7206X3,GigabitEthernet0/1.30(shutdown),CRED-LEBRUN,30,172.23.249.36 255.255.255.240,,,
 VECCSNOC7206X3,GigabitEthernet0/2,,,,,,
 VECCSNOC7206X3,GigabitEthernet0/2.1,,1 native,172.23.253.129 255.255.255.248,,,
 VECCSNOC7206X3,GigabitEthernet0/2.319,,319,190.94.253.121 255.255.255.252,10M,10M,
 VECCSNOC7206X3,GigabitEthernet0/2.678,CONEX-EAGLE;ID:26261,678,172.23.255.41 255.255.255.252,20M,20M,
 VECCSNOC7206X3,GigabitEthernet0/2.683,CONEX-IG-NAGUANAGUA;ID:23049,683,172.23.248.125 255.255.255.252,4M,4M,
 VECCSNOC7206X3,GigabitEthernet0/3,,,,,,
 VECCSNOC7206X3,GigabitEthernet0/3.520,NEUTRONA - SID82073;ID:4,520,,,,
 VECCSNOC7206X3,GigabitEthernet0/3.600,NV-CARTONERAMCY;ID:25969,600,172.23.252.153 255.255.255.252,20M,20M,
 VECCSNOC7206X3,GigabitEthernet0/3.604,LAB-ABBOT;ID:26035,604,172.23.251.1 255.255.255.252,4M,4M,
 VECCSNOC7206X3,GigabitEthernet0/3.605,RED4-NV-LAB-VITA;ID:21572,605,172.23.250.53 255.255.255.252,2M,2M,
 VECCSNOC7206X3,GigabitEthernet0/3.606,RED4-VL606-NV-GFT-SOLUCIONES;ID:26051,606,172.23.250.177 255.255.255.252,15M,15M,
 VECCSNOC7206X3,GigabitEthernet0/3.607,RED4-VL607-NV-TODOBOMBAS-PRESIDENTE;ID:26060,607,172.23.250.221 255.255.255.252,20M,20M,
 VECCSNOC7206X3,GigabitEthernet0/3.609,RED4-VL609-NV-DYKASA;ID:26064,609,172.23.248.9 255.255.255.252,20M,20M,
 VECCSNOC7206X3,GigabitEthernet0/3.612,RED4-VL612-GIORGIO;ID:26076,612,172.23.248.137 255.255.255.252,8M,8M,
 VECCSNOC7206X3,GigabitEthernet0/3.613,RED4-VL613-NV-POLIVENSE,613,172.23.248.157 255.255.255.252,10M,10M,
 VECCSNOC7206X3,GigabitEthernet0/3.3574,ITX-2;ID:20828,3574,172.23.253.221 255.255.255.252,6M,6M,
 VECCSNOC7206X3,Serial1/0(shutdown),,,,,,
 VECCSNOC7206X3,Serial1/1(shutdown),,,,,,
 VECCSNOC7206X3,Serial1/2(shutdown),,,,,,
 VECCSNOC7206X3,Serial1/3(shutdown),,,,,,
 VECCSNOC7206X3,GigabitEthernet2/0,RED GPON 1,,,,,
 VECCSNOC7206X3,GigabitEthernet2/0.710,CANTV-INFRACUA,710,172.23.250.93 255.255.255.252,1M,1M,
 VECCSNOC7206X3,GigabitEthernet5/0,CCSJ4500CREX1_ge-0/0/17,,,,,
 VECCSNOC7206X3,GigabitEthernet5/0.31,VPN-VIVAX-BOLEITA;ID:21679,31,172.23.254.169 255.255.255.252,,,
 VECCSNOC7206X3,GigabitEthernet5/0.951,UNIVERSAL;ID:20447,951,172.23.254.229 255.255.255.252,15M,15M,
 VECCSNOC7206X3,GigabitEthernet5/0.952,ELUN-JC-SB,952,172.23.249.133 255.255.255.252,50M,50M,
 VECCSNOC7206X3,GigabitEthernet5/0.955,BNC2;ID:21599,955,181.225.43.153 255.255.255.248,20M,20M,
 VECCSNOC7206X3,GigabitEthernet5/0.971,ELUN-ST-GUILLAN,971,172.23.245.217 255.255.255.252,,,
 VECCSNOC7206X3,GigabitEthernet5/0.972,ELUN-MANSAMUSA-GOLD,972,172.23.244.9 255.255.255.252,30M,30M,
 VECCSNOC7206X3,GigabitEthernet5/0.973,ELUN-SINAGOGA-MARIP,973,172.23.252.1 255.255.255.252,20M,20M,
 VECCSNOC7206X3,GigabitEthernet5/0.977(shutdown),FARMARATO;ID:26312,977,172.23.244.225 255.255.255.252,40M,40M,
 VECCSNOC7206X3,GigabitEthernet5/0.1009,LIBER-CONDOMINIO,1009,181.225.43.249 255.255.255.248,10M,10M,
 VECCSNOC7206X3,GigabitEthernet5/0.1010,LIBER-EMBAJADOR,1010,172.23.252.173 255.255.255.252,5M,5M,
 VECCSNOC7206X3,GigabitEthernet5/0.1029,LIBER-FCHACON1,1029,190.94.208.169 255.255.255.252,5M,5M,
 VECCSNOC7206X3,GigabitEthernet5/0.1044,KS2;ID:26217,1044,172.23.244.33 255.255.255.252,50M,50M,
 VECCSNOC7206X3,GigabitEthernet5/0.1204,SINAI-CAMARAS,1204,190.94.210.129 255.255.255.252,4M,4M,
 VECCSNOC7206X3,GigabitEthernet5/0.1213,FAROCA-KISMTET;ID:26257,1213,172.23.244.193 255.255.255.252,,,
 VECCSNOC7206X3,GigabitEthernet5/0.1215,FAROCA-KISMTET-IP;ID:26257,1215,172.23.244.41 255.255.255.252,70M,70M,
 VECCSNOC7206X3,Serial6/6:0,VIVAX_INTERCAPS_MOV=IFXNE-1002/IFXNE_CCS_116098,,172.23.250.97 255.255.255.252,,,
 VELEBNOC1002X1,Loopback0,,,181.225.41.24 255.255.255.255,,,
,,,,,,,
 VELEBNOC1002X1,Port-channel1(shutdown),CCSJ4500LEBX1_ae4,,,,,
 VELEBNOC1002X1,Port-channel2,CCSJ4500LEBX1_ae7,,,,,
 VELEBNOC1002X1,Port-channel2.1101,LEB-GPON-TEST,1101,190.94.250.33 255.255.255.252,10M,10M,
 VELEBNOC1002X1,Port-channel2.1109,ALFONZO-CALI;ID:26030,1109,172.23.250.113 255.255.255.252,5M,5M,
 VELEBNOC1002X1,Port-channel2.1131,LEB-OPTICA-18,1131,172.23.247.77 255.255.255.252,10M,10M,
 VELEBNOC1002X1,Port-channel2.1138,LEB-QUALITY-METAL,1138,172.23.247.169 255.255.255.252,20M,20M,
 VELEBNOC1002X1,Port-channel2.1141,ALFONZO-CALIF-SW;ID:26030,1141,172.23.246.17 255.255.255.252,,,
 VELEBNOC1002X1,Port-channel2.1265,CAU-NTIS-CC-SAN-LUIS,1265,172.23.243.249 255.255.255.252,20M,20M,
 VELEBNOC1002X1,Port-channel2.1686,LEB-SUMIFLEX,1686,172.23.241.73 255.255.255.252,50M,50M,
 VELEBNOC1002X1,Port-channel2.1687,LEB-GS1,1687,172.23.241.153 255.255.255.252,50M,50M,
 VELEBNOC1002X1,Port-channel2.1701,LASER-SEDE-STURGIS;ID:21474,1701,172.23.245.181 255.255.255.252,20M,20M,
 VELEBNOC1002X1,Port-channel2.1708,LEB-COCONUTS-RED ,1708,172.23.244.97 255.255.255.252,400M,400M,
 VELEBNOC1002X1,Port-channel2.1736,LEB-LUVEBRAS,1736,172.23.242.13 255.255.255.252,60M,60M,
 VELEBNOC1002X1,Port-channel3,CUST-BOLEITA-CCSJ4500LEBX1_ge-0/0/17,,,,,
 VELEBNOC1002X1,Port-channel3.604,CASA-DE-CHARLES;ID:26056,604,172.23.245.17 255.255.255.252,,,
 VELEBNOC1002X1,Port-channel3.605,BOL-GAMA-SEBUCAN-SW,605,172.23.241.141 255.255.255.252,,,
 VELEBNOC1002X1,Port-channel3.624,RED1-VL624-VENEIMCA;ID:26142,624,172.23.250.145 255.255.255.252,50M,50M,
 VELEBNOC1002X1,Port-channel3.633,RED1-VL633-PEPSICO-PANAM;ID:26066,633,172.23.248.61 255.255.255.252,80M,80M,
 VELEBNOC1002X1,Port-channel3.635,RED1-VL635-SMARTCALL;ID:26088,635,172.23.248.97 255.255.255.252,30M,30M,
 VELEBNOC1002X1,Port-channel3.639,RED1-VL639-BOL-REVISTA-EXCLUSIVA,639,172.23.248.213 255.255.255.252,20M,20M,
 VELEBNOC1002X1,Port-channel3.645,HILTI;ID:25872,645,172.23.253.241 255.255.255.252,6M,6M,
 VELEBNOC1002X1,Port-channel3.648,BOL-GALPON-NODO,648,190.94.208.221 255.255.255.252,10M,10M,
 VELEBNOC1002X1,Port-channel3.653,PEPSICO-GALPONES;ID:26057,653,172.23.245.45 255.255.255.252,30M,30M,
 VELEBNOC1002X1,Port-channel3.656,BOL-OSERCA,656,172.23.245.133 255.255.255.252,20M,20M,
 VELEBNOC1002X1,Port-channel3.664,CASIO-PPAL-IP;ID:26307,664,172.23.251.161 255.255.255.252,100M,100M,
 VELEBNOC1002X1,Port-channel3.665,CASIO-PPAL-MGM;ID:26307,665,172.23.249.81 255.255.255.240,,,
 VELEBNOC1002X1,Port-channel4,CUST_LEBRUN-CCS3750LEBX3_Gi1/0/51,,,,,
 VELEBNOC1002X1,Port-channel4.1105,GRAPHO-FORMAS;ID:25978,1105,172.23.251.45 255.255.255.252,5M,5M,
 VELEBNOC1002X1,Port-channel4.1110,NEB&ASOCIADOS;ID:26024,1110,172.23.250.133 255.255.255.252,20M,20M,
 VELEBNOC1002X1,Port-channel4.1111,LEB-PANDORA_PRUEBA,1111,190.94.210.97 255.255.255.252,20M,20M,
 VELEBNOC1002X1,Port-channel4.1112,RED1-VL1112-CORP-SISA-LEB;ID:26031,1112,172.23.250.201 255.255.255.252,10M,10M,
 VELEBNOC1002X1,Port-channel4.1114,RED1-VL1114-LEB-CONFECCIONES-LC,1114,172.23.250.205 255.255.255.252,10M,10M,
 VELEBNOC1002X1,Port-channel4.1116,EXCEL-GAMA-DISTRI;ID:26091,1116,172.23.248.221 255.255.255.252,20M,20M,
 VELEBNOC1002X1,Port-channel4.1124,CASA-ROSNEFT;ID:26054,1124,172.23.248.177 255.255.255.252,80M,80M,
 VELEBNOC1002X1,Port-channel4.1129,DBACCESS;ID:26096,1129,172.23.247.65 255.255.255.252,10M,10M,
 VELEBNOC1002X1,Port-channel4.1130,MULTIMEDICA;ID:26145,1130,172.23.247.69 255.255.255.252,20M,20M,
 VELEBNOC1002X1,Port-channel4.1137,LEB-BAUMER-BAVE,1137,172.23.247.97 255.255.255.252,20M,20M,
 VELEBNOC1002X1,Port-channel4.1145,PLAN-SUAREZ-LA-URBINA;ID:26183,1145,172.23.245.93 255.255.255.252,50M,50M,
 VELEBNOC1002X1,Port-channel4.1146,LEB-CORPORACION-KADRI,1146,172.23.245.49 255.255.255.252,10M,10M,
 VELEBNOC1002X1,Port-channel4.1148,LEB-PS-LA-URBINA-VPN,1148,,,,
 VELEBNOC1002X1,Port-channel4.1214,FAROCA-UNICEN;ID:26257,1214,172.23.244.37 255.255.255.252,,,
 VELEBNOC1002X1,Port-channel4.1702,LEB-EXC-GAMA-M,1702,172.23.254.33 255.255.255.252,,,
 VELEBNOC1002X1,Port-channel4.1705,LEB-ULTIMAS-NOTICIAS,1705,172.23.245.185 255.255.255.252,60M,60M,
 VELEBNOC1002X1,Port-channel4.1720,GAMA-URBINA;ID:26091,1720,172.23.244.217 255.255.255.252,,,
 VELEBNOC1002X1,Port-channel5,CUST-CAURIMARE-CCSJ4500LEBX1_xe-0/0/19,,,,,
 VELEBNOC1002X1,Port-channel5.120,LEBH-MAILVE,120,181.225.41.1 255.255.255.240,,,
 VELEBNOC1002X1,Port-channel5.122,LEBH-MAZARS;ID:25710,122,181.225.40.201 255.255.255.248,20M,20M,
 VELEBNOC1002X1,Port-channel5.201,MCCY-INFRA-CARACAS,201,181.225.44.177 255.255.255.248,20M,20M,
 VELEBNOC1002X1,Port-channel5.213,MCCY-CHARVENCA-CSP;ID:26070,213,172.23.252.221 255.255.255.252,50M,50M,
 VELEBNOC1002X1,Port-channel5.216,MCCY-GAMA-MCY-EXPRESS;ID:26091,216,172.23.254.109 255.255.255.252,,,
 VELEBNOC1002X1,Port-channel5.222,MCCY-MERCADOMEGA-SW,222,172.23.244.201 255.255.255.252,,,
 VELEBNOC1002X1,Port-channel5.622,BOL-SWEETCHERRY,622,172.23.250.41 255.255.255.252,200M,200M,
 VELEBNOC1002X1,Port-channel5.790(shutdown),LEB-NTIS-EG-LATRI,790,172.23.252.193 255.255.255.252,60M,60M,
 VELEBNOC1002X1,Port-channel5.1106,LEB-INFOGUIA,1106,172.23.250.29 255.255.255.252,20M,20M,
 VELEBNOC1002X1,Port-channel5.1252,CAURI-PLAN-SUAREZ,1252,172.23.245.113 255.255.255.252,50M,50M,
 VELEBNOC1002X1,Port-channel5.1253,LEB-PS-CAURIMARE-VPN,1253,,,,
 VELEBNOC1002X1,Port-channel5.1255,CAU-GRUPO-GLOBAL,1255,172.23.245.149 255.255.255.252,20M,20M,
 VELEBNOC1002X1,Port-channel5.1257,CASATE;ID:26272,1257,172.23.244.165 255.255.255.252,40M,40M,
 VELEBNOC1002X1,Port-channel5.1258,GAMA-CAURIMARE;ID:26091,1258,172.23.254.189 255.255.255.252,,,
 VELEBNOC1002X1,Port-channel5.1260,GAMA-CHUAO;ID:26091,1260,172.23.253.197 255.255.255.252,,,
 VELEBNOC1002X1,Port-channel5.1263,IJLUD-OFICINA;ID:23049,1263,172.23.251.5 255.255.255.252,20M,20M,
 VELEBNOC1002X1,Port-channel5.1264,IJLUD-TEMPLO;ID:23049,1264,172.23.251.9 255.255.255.252,20M,20M,
 VELEBNOC1002X1,Port-channel5.1269,CAU-EGAMA-VIZCAYA-SW,1269,172.23.241.205 255.255.255.252,20M,20M,
 VELEBNOC1002X1,Port-channel5.1271,CAU-BIMBO,1271,172.23.241.213 255.255.255.252,50M,50M,
 VELEBNOC1002X1,Port-channel5.1274,CAU-GESTION-OLT,1274,172.23.252.201 255.255.255.252,,,
 VELEBNOC1002X1,Port-channel5.1601,SEBUC-PRAGMA-VSEB,1601,190.94.210.225 255.255.255.252,,,
 VELEBNOC1002X1,Port-channel5.1657,LEB-FAROCA-VISTAL(2NET),1657,172.23.245.169 255.255.255.252,,,
 VELEBNOC1002X1,Port-channel5.1672(shutdown),LEB-HQ-RENTAL-IP,1672,190.94.199.41 255.255.255.252,,,
 VELEBNOC1002X1,Port-channel5.1678,GAMA-SW;ID:26091,1678,172.23.244.53 255.255.255.252,,,
 VELEBNOC1002X1,Port-channel5.1716,IMPORTMED-SPINAL;ID:26266,1716,172.23.246.249 255.255.255.252,40M,40M,
 VELEBNOC1002X1,Port-channel5.1726,OPS-LOS-RUICES;ID:25928,1726,172.23.244.149 255.255.255.252,30M,30M,
 VELEBNOC1002X1,Port-channel5.1732,LEB-PLANI-LOMBARDA,1732,172.23.242.73 255.255.255.252,40M,40M,
 VELEBNOC1002X1,Port-channel6,OLT-LEB,,,,,
 VELEBNOC1002X1,Port-channel6.3150,DIVISION-365;ID:26246,3150,172.23.246.209 255.255.255.252,40M,40M,
 VELEBNOC1002X1,Port-channel6.3151,LEB-QTA-ODETE,3151,190.94.252.209 255.255.255.252,50M,50M,
 VELEBNOC1002X1,Port-channel6.3152,HERGLY;ID:26268,3152,172.23.246.213 255.255.255.252,40M,40M,
 VELEBNOC1002X1,Port-channel6.3153,INVERSIONES-747;ID:26250,3153,172.23.246.221 255.255.255.252,20M,20M,
 VELEBNOC1002X1,Port-channel6.3155,FC-PHARMA;ID:26314,3155,172.23.244.237 255.255.255.252,60M,60M,
 VELEBNOC1002X1,Port-channel6.3156,LEB-GOWEB,3156,172.23.241.77 255.255.255.252,40M,40M,
 VELEBNOC1002X1,Port-channel6.3400,CHOCOBRU;ID:26121,3400,172.23.247.185 255.255.255.252,20M,20M,
 VELEBNOC1002X1,Port-channel6.3401,BOL-HEB-CAM,3401,172.23.253.97 255.255.255.252,50M,50M,
 VELEBNOC1002X1,Port-channel6.3402,BOL-WEDOO,3402,172.23.247.249 255.255.255.252,25M,25M,
 VELEBNOC1002X1,Port-channel6.3403,BOL-TELCORP-HSJ,3403,172.23.245.249 255.255.255.252,100M,100M,
 VELEBNOC1002X1,Port-channel6.3404,BOL-QTA-MI-REFUGIO,3404,172.23.245.165 255.255.255.252,50M,50M,
 VELEBNOC1002X1,Port-channel6.3405,BOL-RIVOLI,3405,172.23.252.169 255.255.255.252,20M,20M,
 VELEBNOC1002X1,Port-channel6.3406,BOL-JUAN-CARLOS-V,3406,172.23.252.177 255.255.255.252,20M,20M,
 VELEBNOC1002X1,Port-channel6.3407,CAPI;ID:25738,3407,172.23.252.185 255.255.255.252,70M,70M,
 VELEBNOC1002X1,Port-channel6.3408,TECNOCOM;ID:25979,3408,172.23.252.253 255.255.255.252,90M,90M,
 VELEBNOC1002X1,Port-channel6.3409,BOL-JOSEPH-SIMKIN,3409,172.23.250.149 255.255.255.252,20M,20M,
 VELEBNOC1002X1,Port-channel6.3410,BOL-BET-SHMUEL-ESTE,3410,190.94.210.189 255.255.255.252,4M,4M,
 VELEBNOC1002X1,Port-channel6.3411,BOL-VALORALTA,3411,172.23.248.185 255.255.255.252,20M,20M,
 VELEBNOC1002X1,Port-channel6.3412,CONSIS;ID:26123,3412,172.23.247.41 255.255.255.252,20M,20M,
 VELEBNOC1002X1,Port-channel6.3413,BOL-INFOTAX,3413,172.23.247.45 255.255.255.252,50M,50M,
 VELEBNOC1002X1,Port-channel6.3414,HEB-COLEGIO;ID:25736,3414,172.23.254.185 255.255.255.252,50M,50M,
 VELEBNOC1002X1,Port-channel6.3415,OPAS-PRAGMA;ID:26056,3415,172.23.247.177 255.255.255.252,50M,50M,
 VELEBNOC1002X1,Port-channel6.3416,MICROFILMS;ID:26174,3416,172.23.247.173 255.255.255.252,20M,20M,
 VELEBNOC1002X1,Port-channel6.3417,GALAXIA-MEDICA;ID:26137,3417,172.23.245.5 255.255.255.252,40M,40M,
 VELEBNOC1002X1,Port-channel6.3418,LA-PERLA;ID:26207,3418,172.23.245.37 255.255.255.252,10M,10M,
 VELEBNOC1002X1,Port-channel6.3419,BOL-CGSI,3419,172.23.245.65 255.255.255.252,50M,50M,
 VELEBNOC1002X1,Port-channel6.3420,MAPLOCA;ID:26056,3420,172.23.245.153 255.255.255.252,20M,20M,
 VELEBNOC1002X1,Port-channel6.3421,BOL-OLTP-URB,3421,172.23.255.237 255.255.255.252,50M,50M,
 VELEBNOC1002X1,Port-channel6.3422,ALBORADA;ID:26193,3422,172.23.245.145 255.255.255.252,30M,30M,
 VELEBNOC1002X1,Port-channel6.3423,PROD_KHYM;ID:26215,3423,172.23.245.189 255.255.255.252,50M,50M,
 VELEBNOC1002X1,Port-channel6.3425,OLTP-ATM;ID:26212,3425,172.23.244.65 255.255.255.252,60M,60M,
 VELEBNOC1002X1,Port-channel6.3426,BOL-HOGAR-LUVADICHT,3426,190.94.250.185 255.255.255.252,20M,20M,
 VELEBNOC1002X1,Port-channel6.3427,CAUCHOS-MUNDIAL;ID:26335,3427,172.23.243.133 255.255.255.252,100M,100M,
 VELEBNOC1002X1,Port-channel6.3428,LIBERTY-OFINCA;ID:26186,3428,172.23.243.209 255.255.255.252,40M,40M,
 VELEBNOC1002X1,Port-channel6.3429,GRUPO-PHX;ID:26283,3429,172.23.243.181 255.255.255.252,60M,60M,
 VELEBNOC1002X1,Port-channel6.3430,BOL-COLEGIO-FRANCIA,3430,172.23.243.185 255.255.255.252,200M,200M,
 VELEBNOC1002X1,Port-channel6.3431,BRANZA-1800;ID:26369,3431,172.23.243.221 255.255.255.252,50M,50M,
 VELEBNOC1002X1,Port-channel6.3432,AGROP-MUNDIAL;ID:26446,3432,172.23.243.225 255.255.255.252,50M,50M,
 VELEBNOC1002X1,Port-channel6.3433,BOL-HOTECHE,3433,172.23.243.97 255.255.255.252,40M,40M,
 VELEBNOC1002X1,Port-channel6.3434,BOL-DROGUERIA-NENA,3434,172.23.243.109 255.255.255.252,80M,80M,
 VELEBNOC1002X1,Port-channel6.3435,BOL-AVILAIRE,3435,172.23.243.117 255.255.255.252,40M,40M,
 VELEBNOC1002X1,Port-channel6.3436,BOL-SMARTCALL-PANALP,3436,172.23.244.29 255.255.255.252,105M,105M,
 VELEBNOC1002X1,Port-channel6.3437,BOL-SALVA-LOGISTC,3437,172.23.244.69 255.255.255.252,150M,150M,
 VELEBNOC1002X1,Port-channel6.3438,BOL-CL-LOS-CORTIJOS,3438,172.23.246.201 255.255.255.252,30M,30M,
 VELEBNOC1002X1,Port-channel6.3439,BOL-LIBERTY-EXP-BOL,3439,172.23.243.29 255.255.255.252,40M,40M,
 VELEBNOC1002X1,Port-channel6.3440,BOL-POLINAC,3440,172.23.243.33 255.255.255.252,40M,40M,
 VELEBNOC1002X1,Port-channel6.3441,BOL-KORES,3441,172.23.243.49 255.255.255.252,40M,40M,
 VELEBNOC1002X1,Port-channel6.3442,BOL-FARMACIA-ADAN,3442,172.23.246.57 255.255.255.252,80M,80M,
 VELEBNOC1002X1,Port-channel6.3443,BOL-GENERACION-TECN,3443,172.23.246.113 255.255.255.252,40M,40M,
 VELEBNOC1002X1,Port-channel6.3444,BOL-PRC-SEGRE,3444,172.23.246.25 255.255.255.252,40M,40M,
 VELEBNOC1002X1,Port-channel6.3445,BOL-DGCIM-OPER,3445,172.23.245.193 255.255.255.252,110M,110M,
 VELEBNOC1002X1,Port-channel6.3446,BOL-DGCIM-LOGISTICA,3446,172.23.245.197 255.255.255.252,5M,5M,
 VELEBNOC1002X1,Port-channel6.3447,BOL-PRIMTEK-WILSON,3447,172.23.245.209 255.255.255.252,100M,100M,
 VELEBNOC1002X1,Port-channel6.3448,BOL-PRIMTEK-CCBC,3448,172.23.245.213 255.255.255.252,PRIMTEK,PRIMTEK,
 VELEBNOC1002X1,Port-channel6.3449,BOL-LIDER-PRAGMA,3449,172.23.245.225 255.255.255.252,100M,100M,
 VELEBNOC1002X1,Port-channel6.3450,BOL-CANGURO,3450,172.23.244.113 255.255.255.252,100M,100M,
 VELEBNOC1002X1,Port-channel6.3451,BOL-DIR-GROUP-AUTANA,3451,172.23.245.117 255.255.255.252,20M,20M,
 VELEBNOC1002X1,Port-channel6.3452,BOL-NIVTAJ-TSALACH,3452,172.23.246.165 255.255.255.252,40M,40M,
 VELEBNOC1002X1,Port-channel6.3453,BOL-PEPSICO,3453,172.23.248.57 255.255.255.252,100M,100M,
 VELEBNOC1002X1,Port-channel6.3454,BOL-GINA,3454,172.23.248.53 255.255.255.252,50M,50M,
 VELEBNOC1002X1,Port-channel6.3455,BOL-HEB-WIFI,3455,181.225.43.97 255.255.255.248,50M,50M,
 VELEBNOC1002X1,Port-channel6.3456,BOL-HEBRAICA-CLUB,3456,172.23.254.105 255.255.255.252,50M,50M,
 VELEBNOC1002X1,Port-channel6.3457,BOL-TELEVEN,3457,172.23.247.17 255.255.255.252,200M,200M,
 VELEBNOC1002X1,Port-channel6.3458,BOL-SMARTCALL-COLEG,3458,172.23.247.37 255.255.255.252,125M,125M,
 VELEBNOC1002X1,Port-channel6.3459,BOL-PRC-DANISA,3459,172.23.252.145 255.255.255.252,50M,50M,
 VELEBNOC1002X1,Port-channel6.3460,BOL-PRC333-MONACA,3460,172.23.248.245 255.255.255.252,50M,50M,
 VELEBNOC1002X1,Port-channel6.3461,BOL-MOL-NACIONALES,3461,172.23.254.249 255.255.255.252,80M,80M,
 VELEBNOC1002X1,Port-channel6.3462,BOL-ARTROGEN,3462,172.23.245.173 255.255.255.252,40M,40M,
 VELEBNOC1002X1,Port-channel6.3464,COOP-COLMENA;ID:26579,3464,172.23.241.105 255.255.255.252,100M,100M,
 VELEBNOC1002X1,Port-channel6.3500,MCCY-CONTALFA,3500,172.23.252.233 255.255.255.252,40M,40M,
 VELEBNOC1002X1,Port-channel6.3501,MCCY-CLOUDHOPP,3501,172.23.243.165 255.255.255.252,40M,40M,
 VELEBNOC1002X1,Port-channel6.3502,MCCY-DILOJA,3502,172.23.248.233 255.255.255.252,50M,50M,
 VELEBNOC1002X1,Port-channel6.3503,MCCY-MUD-INT-LLANITO,3503,172.23.247.1 255.255.255.252,10M,10M,
 VELEBNOC1002X1,Port-channel6.3504,MCCY-STP-CONSULTORES,3504,172.23.247.13 255.255.255.252,20M,20M,
 VELEBNOC1002X1,Port-channel6.3505,MCCY-CENTRO-MARMOL,3505,172.23.243.73 255.255.255.252,40M,40M,
 VELEBNOC1002X1,Port-channel6.3506,MCCY-CHARVENCA,3506,172.23.248.249 255.255.255.252,50M,50M,
 VELEBNOC1002X1,Port-channel6.3507,MCCY-JETCIVEN;ID:26190,3507,172.23.245.101 255.255.255.252,20M,20M,
 VELEBNOC1002X1,Port-channel6.3508,MCCY-LAB-SULCAGEL,3508,172.23.245.73 255.255.255.252,10M,10M,
 VELEBNOC1002X1,Port-channel6.3509,MCCY-AROMACOM-GROUP,3509,172.23.244.153 255.255.255.252,40M,40M,
 VELEBNOC1002X1,Port-channel6.3510,MCCY-LASER;ID:26128,3510,172.23.247.85 255.255.255.252,20M,20M,
 VELEBNOC1002X1,Port-channel6.3511,MCCY-GRUPO-PRINCIPAL;ID:26130,3511,172.23.247.129 255.255.255.252,10M,10M,
 VELEBNOC1002X1,Port-channel6.3513,MCCY-NEUTRONA-EAGLE,3513,172.23.245.129 255.255.255.252,50M,50M,
 VELEBNOC1002X1,GigabitEthernet0/0/0,CCS3750LEBX3_CONEXION_DIRECTA,,,,,
 VELEBNOC1002X1,GigabitEthernet0/0/1,,,,,,
 VELEBNOC1002X1,GigabitEthernet0/0/2(shutdown),CCSJ4500LEBX1_ge-0/0/19-CAURIMARE,,,,,
 VELEBNOC1002X1,GigabitEthernet0/0/3,CCSJ4500LEBX1_ge-0/0/17,,,,,
 VELEBNOC1002X1,TenGigabitEthernet0/1/0,CCSJ4500LEBX1_xe-0/0/19-CAURIMARE,,,,,
 VELEBNOC1002X1,TenGigabitEthernet0/2/0,,,,,,
 VELEBNOC1002X1,TenGigabitEthernet0/2/0.29,L3-LEBRUN,29,172.23.249.19 255.255.255.240,,,
 VELEBNOC1002X1,TenGigabitEthernet0/2/0.30,CRED-LEBRUN,30,172.23.249.37 255.255.255.240,,,
 VELEBNOC1002X1,TenGigabitEthernet0/3/0,OLT-LEB_SFP+2,,,,,
 VELEBNOC1002X1,GigabitEthernet0,,,10.0.0.1 255.255.255.252,,,
 VELEBNOC1004X1,Loopback0,,,181.225.41.25 255.255.255.255,,,
,,,,,,,
 VELEBNOC1004X1,Port-channel1,BACKBONE,,,,,
 VELEBNOC1004X1,Port-channel1.9(shutdown),,9 native,172.23.249.8 255.255.255.240,,,
 VELEBNOC1004X1,Port-channel1.29,L3-LEBRUN,29,172.23.249.18 255.255.255.240,,,
 VELEBNOC1004X1,Port-channel1.30,CRED-LEBRUN,30,172.23.249.38 255.255.255.240,,,
 VELEBNOC1004X1,Port-channel2,CCSJ4500LEBX1_ae4_(OLT_CAURIMARE),,,,,
 VELEBNOC1004X1,Port-channel2.3807,,3807,190.94.244.229 255.255.255.252,,,
 VELEBNOC1004X1,Port-channel3,CCSJ4500LEBX1_ae6_(clientes_Lebrun),,,,,
 VELEBNOC1004X1,Port-channel3.916,LEV3-CIX,916,172.23.255.189 255.255.255.252,,,
 VELEBNOC1004X1,Port-channel3.918,LEV3-CHIRCALNET,918,172.23.254.25 255.255.255.252,,,
 VELEBNOC1004X1,Port-channel3.919,LEV3-360,919,172.23.254.29 255.255.255.252,,,
 VELEBNOC1004X1,Port-channel3.933,LEV3-360-MEGADATTA,933,172.23.254.53 255.255.255.252,,,
 VELEBNOC1004X1,Port-channel3.1150,LEB-GESTION-OLT,1150,172.23.252.197 255.255.255.252,,,
 VELEBNOC1004X1,Port-channel3.1256,CAU-TOP-QTASANJOSE,1256,190.94.218.65 255.255.255.248,300M,300M,
 VELEBNOC1004X1,Port-channel4,CCSJ4500LEBX1_ae8_(clientes_Lebrun2),,,,,
 VELEBNOC1004X1,Port-channel4.130,,130,172.23.250.209 255.255.255.252,,,
 VELEBNOC1004X1,Port-channel4.215,MCCY-FAROCA-CSP,215,172.23.244.121 255.255.255.252,100M,100M,
 VELEBNOC1004X1,Port-channel4.924,LEV3-WIFISOLUTION,924,172.23.252.53 255.255.255.252,10M,10M,
 VELEBNOC1004X1,Port-channel4.937,LEV3-360-IPIFX,937,172.23.244.209 255.255.255.252,30M,30M,
 VELEBNOC1004X1,Port-channel4.940,LEV3-360-IPIFX2,940,190.94.199.89 255.255.255.252,360NET,360NET,
 VELEBNOC1004X1,Port-channel4.942,LEV3-FONET,942,181.225.40.49 255.255.255.248,FONET-CAP,FONET,
 VELEBNOC1004X1,Port-channel4.1106(shutdown),LEB-INFOGUIA,1106,172.23.250.29 255.255.255.252,20M,20M,
 VELEBNOC1004X1,Port-channel4.1115,LEB-EXCEL-GAMA-PPAL,1115,172.23.248.217 255.255.255.252,300M,300M,
 VELEBNOC1004X1,Port-channel4.1135,LEB-CORFIN,1135,172.23.248.73 255.255.255.252,100M,100M,
 VELEBNOC1004X1,Port-channel4.1251,CAURI-FONDOV-MUNECA,1251,172.23.245.109 255.255.255.252,10M,10M,
 VELEBNOC1004X1,Port-channel4.1262,CAU-NODO-CONCORDE,1262,190.94.218.73 255.255.255.248,200M,200M,
 VELEBNOC1004X1,Port-channel4.1536(shutdown),MCY-NODOV-IP,1536,181.225.42.169 255.255.255.248,MCY-NODOV,MCY-NODOV,
 VELEBNOC1004X1,Port-channel4.1601(shutdown),SEBUC-PRAGMA-VSEB,1601,190.94.210.225 255.255.255.252,PRAGMA-VILLA-SEB,PRAGMA-VILLA-SEB,
 VELEBNOC1004X1,Port-channel4.1684,LEB-TEKKOA-AZOTEA,1684,190.94.209.249 255.255.255.248,200M,200M,
 VELEBNOC1004X1,Port-channel4.1713,LEB-WIFI-SOLUTI-IP,1713,190.94.245.217 255.255.255.248,50M,50M,
 VELEBNOC1004X1,Port-channel5,CCSJ4500LEBX1_ae9_(Upstream),,,,,
 VELEBNOC1004X1,Port-channel5.928,TIS-00000063226 / ZNT004UMI2MI2NN,928,89.221.41.91 255.255.255.254,,,
 VELEBNOC1004X1,Port-channel5.943,TIS-10000006901 / ZNT001UMI2MI2NN ,943,195.22.199.77 255.255.255.254,,,
 VELEBNOC1004X1,Port-channel5.1601,,,,,,
 VELEBNOC1004X1,Port-channel6(shutdown),CCSJ4500LEBX1_ae18,,,,,
 VELEBNOC1004X1,Port-channel7,CCSJ4500LEBX1_ae2_(CDN2022),,,,,
 VELEBNOC1004X1,TenGigabitEthernet0/0/0,,,,,,
 VELEBNOC1004X1,TenGigabitEthernet0/0/1,,,,,,
 VELEBNOC1004X1,TenGigabitEthernet0/0/2,,,,,,
 VELEBNOC1004X1,TenGigabitEthernet0/0/3(shutdown),,,,,,
 VELEBNOC1004X1,TenGigabitEthernet0/0/4,,,,,,
 VELEBNOC1004X1,TenGigabitEthernet0/0/5,,,,,,
 VELEBNOC1004X1,TenGigabitEthernet1/0/0,CCSJ4500LEBX1-xe-0/0/7,,,,,
 VELEBNOC1004X1,TenGigabitEthernet1/1/0,CCSJ4500LEBX1-xe-0/0/12,,,,,
 VELEBNOC1004X1,TenGigabitEthernet1/2/0,CCSJ4500LEBX1-xe-0/0/11,,,,,
 VELEBNOC1004X1,TenGigabitEthernet1/3/0,CCSJ4500LEBX1-xe-0/0/13,,,,,
 VELEBNOC1004X1,GigabitEthernet0(shutdown),,,10.0.0.2 255.255.255.252,,,
VECCSNOCJM120x1,xe-0/0/0 ,,,,,,
VECCSNOCJM120x1,xe-1/0/0 ,,,,,,
VECCSNOCJM120x1,ge-2/0/0 ,SID85070 -# EPL -# 1_Mbps -# VLAN:460 -# IFX_VENEZUELA,460,,,,
VECCSNOCJM120x1,ge-2/0/0 ,,554,172.23.252.161/30,PROFIT,PROFIT,
VECCSNOCJM120x1,ge-2/0/0 ,NEUTRONA-ROSNEFT;ID:26054,596,,,,
VECCSNOCJM120x1,ge-2/0/0 ,GALI-NEUTRONA-BANESCO-SEGUROS,600,,,,
VECCSNOCJM120x1,ge-2/0/0 ,RIVOLI-BOSQUE;ID:25968,620,172.23.251.117/30,20M+NETFLIX+YT,,
VECCSNOCJM120x1,ge-2/0/0 ,,623,172.23.250.117/30,50m,50m,
VECCSNOCJM120x1,ge-2/0/0 ,BNC3_OLD-EDC455,956,181.225.41.113/28,20m,20m,
VECCSNOCJM120x1,ge-2/0/0 ,BNC4_OLD-EDC456,957,181.225.41.97/28,,,
VECCSNOCJM120x1,ge-2/0/0 ,,1008,172.23.252.165/30,20m,20m,
VECCSNOCJM120x1,ge-2/0/0 ,,1012,172.23.251.57/30,20m,20m,
VECCSNOCJM120x1,ge-2/0/0 ,CANTV-SYMRISE-Neutrona_ID84841,1033,,,,
VECCSNOCJM120x1,ge-2/0/0 ,LIBER-NEUTRONA-TORRE-POLAR,1038,,,,
VECCSNOCJM120x1,ge-2/0/0 ,CUBON-CONDOMINIO,1051,172.23.252.237/30,20m,20m,
VECCSNOCJM120x1,ge-2/0/0 ,NEKSO;ID:26017,1052,172.23.251.13/30,5m,5m,
VECCSNOCJM120x1,ge-2/0/0 ,84712 -# L3VPN -# 1_Mbps -# TATA_COMMUNICATIONS-NEUTRONA -# VLAN:606 -# IFX_VENEZUELA,1053,,,,
VECCSNOCJM120x1,ge-2/0/0 ,MCCY-TECNO-URB,1104,172.23.251.41/30,10m,10m,
VECCSNOCJM120x1,ge-2/0/0 ,,1121,2803:d480:0:71::8053/64,VENSITE,VENSITE,
VECCSNOCJM120x1,ge-2/0/0 ,RED1-VL1504-MEDICOS-SIN-FRONT;ID:26093,1504,172.23.248.161/30,100m,100m,
VECCSNOCJM120x1,ge-2/0/0 ,PCR-FCO-NEUTRONA/NEUTRONA_ID:90604,1523,,,,
VECCSNOCJM120x1,ge-2/0/1 ,SINAI-DIRECTV/NEUTRONA SID90595,1205,,,,
VECCSNOCJM120x1,ge-2/0/1 ,PCR-CAYORMA/NEUTRONA,1506,,,,
VECCSNOCJM120x1,ge-2/0/2 ,,,,,,
VECCSNOCJM120x1,ge-2/0/3 ,,,,,,
VECCSNOCJM120x1,so-2/1/0 ,,,,,,
VECCSNOCJM120x1,ge-3/0/0 ,,,,,,
VECCSNOCJM120x1,so-3/0/0 ,,0,,,,
VECCSNOCJM120x1,ge-3/0/1 ,,,,,,
VECCSNOCJM120x1,ge-3/0/2 ,,,,,,
VECCSNOCJM120x1,ge-3/0/3 ,CCS3750CREDX1-EDC_Gi1/0/2,,,,,
VECCSNOCJM120x1,ge-3/1/0 ,,,,,,
VECCSNOCJM120x1,ge-3/1/1 ,,,,,,
VECCSNOCJM120x1,ge-3/1/2 ,CANTV_VLAN:720_ID:1000002193_Circuito:2301-0152284/9216-0006062,720,172.23.252.157/30,,,
VECCSNOCJM120x1,ge-3/1/3 ,,,,,,
VECCSNOCJM120x1,so-3/2/0 ,,,,,,
VECCSNOCJM120x1,so-3/2/1 ,,,,,,
VECCSNOCJM120x1,so-3/2/2 ,,,,,,
VECCSNOCJM120x1,so-3/2/3 ,,,,,,
VECCSNOCJM120x1,ge-3/3/0 ,,,,,,
VECCSNOCJM120x1,ge-3/3/1 ,TVZ-2021;ID:18823,0,172.23.255.205/30,,,
VECCSNOCJM120x1,ge-3/3/2 ,MON-BAS-BOL,12,172.23.254.201/30,,,
VECCSNOCJM120x1,ge-3/3/2 ,MON-BAS-ONIX,13,172.23.254.225/30 ,,,
VECCSNOCJM120x1,ge-3/3/2 ,MON-BAS-TUNO,15,172.23.254.197/30,,,
VECCSNOCJM120x1,ge-3/3/2 ,MON-BAS-TMERCEDES,16,172.23.254.193/30,,,
VECCSNOCJM120x1,ge-3/3/2 ,RED_MGMT_FIBER_POP,17,172.23.254.145/28,,,
VECCSNOCJM120x1,ge-3/3/2 ,,117,190.94.210.213/30,30m,30m,
VECCSNOCJM120x1,ge-3/3/2 ,SexyCaracas_Hosting;ID:22657,119,190.94.210.237/30,10m,10m,
VECCSNOCJM120x1,ge-3/3/2 ,,200,181.225.44.185/29,50m,50m,
VECCSNOCJM120x1,ge-3/3/2 ,MCCY-INFRA-CARACAS,201,181.225.44.177/29,20m,20m,
VECCSNOCJM120x1,ge-3/3/2 ,TC-WIMAC-SYS;ID:25901,202,172.23.253.229/30,15m,15m,
VECCSNOCJM120x1,ge-3/3/2 ,ORIENTAL-COBRE;ID:22833,256,172.23.250.5/30,30m,30m,
VECCSNOCJM120x1,ge-3/3/2 ,CRED-GESTION-OLT,260,172.23.252.85/30,ACCESO-TELNET112021,,
VECCSNOCJM120x1,ge-3/3/2 ,HERBALIFE;ID:26191,267,172.23.245.245/30,50m,50m,
VECCSNOCJM120x1,ge-3/3/2 ,CRED-FCHACON,272,181.225.48.41/29,10m,10m,
VECCSNOCJM120x1,ge-3/3/2 ,PROTOCOLO;ID:25998,277,172.23.255.105/30,40m,40m,
VECCSNOCJM120x1,ge-3/3/2 ,CRED-FCHACON,278,190.94.253.137/30,40m,40m,
VECCSNOCJM120x1,ge-3/3/2 ,STMORITZ-IP-BAN;ID:26168,497,172.23.245.85/30,100m,100m,
VECCSNOCJM120x1,ge-3/3/2 ,STMORITZ-SW-BAN;ID:26168,498,172.23.244.233/30,,,
VECCSNOCJM120x1,ge-3/3/2 ,STMORITZ-SW-PAL;ID:26168,499,172.23.243.81/30,,,
VECCSNOCJM120x1,ge-3/3/2 ,PARC-BASTIDOR,503,172.23.255.177/30,ACCESO-TELNET022018,,
VECCSNOCJM120x1,ge-3/3/2 ,ARAQUE;ID:25989,557,172.23.251.105/30,20m,20m,
VECCSNOCJM120x1,ge-3/3/2 ,GALI-CONDOMINIO,563,172.23.251.37/30,30m,30m,
VECCSNOCJM120x1,ge-3/3/2 ,GALI-BC-GESTION,567,172.23.254.233/30,,,
VECCSNOCJM120x1,ge-3/3/2 ,GALI-DANIEL-ISA,572,172.23.250.73/30,30m,30m,
VECCSNOCJM120x1,ge-3/3/2 ,NODUS-BANK;ID:22833,573,172.23.250.225/30,50m,50m,
VECCSNOCJM120x1,ge-3/3/2 ,FONDOGLOBAL2;ID:25873,574,172.23.252.49/30,20m,20m,
VECCSNOCJM120x1,ge-3/3/2 ,GALI-MS-MB,579,172.23.254.21/30,,,
VECCSNOCJM120x1,ge-3/3/2 ,GALI-MS-SOLANO,580,172.23.254.17/30,,,
VECCSNOCJM120x1,ge-3/3/2 ,MS-DALIA-R;ID:26059,581,172.23.253.117/30,20m,20m,
VECCSNOCJM120x1,ge-3/3/2 ,GALI-MS-INT-10-2,586,190.94.211.49/29,10m,10m,
VECCSNOCJM120x1,ge-3/3/2 ,VHICOA;ID:26144,592,172.23.247.145/30,30m,30m,
VECCSNOCJM120x1,ge-3/3/2 ,CASA-ESTEFANY,625,190.94.210.217/30,10m,10m,
VECCSNOCJM120x1,ge-3/3/2 ,BOL-CASA-JACKELIN,638,190.94.208.45/30,10m,10m,
VECCSNOCJM120x1,ge-3/3/2 ,TMER-AP,803,172.23.251.49/30,10m,10m,
VECCSNOCJM120x1,ge-3/3/2 ,TMER-CONDOMINIO,805,181.225.48.9/29,10m,10m,
VECCSNOCJM120x1,ge-3/3/2 ,TMER-MGL,806,172.23.244.185/30,40m,40m,
VECCSNOCJM120x1,ge-3/3/2 ,TMER-SAMSUNG-EUROB,807,172.23.243.125/30,60m,60m,
VECCSNOCJM120x1,ge-3/3/2 ,TPAR-PARMALAT;ID:25955,851,172.23.252.41/30,150m,150m,
VECCSNOCJM120x1,ge-3/3/2 ,KUWAIT-IFX;ID:26014,1055,172.23.251.185/30,50m,50m,
VECCSNOCJM120x1,ge-3/3/2 ,CLETECI;ID:26013,1057,172.23.250.13/30,10m,10m,
VECCSNOCJM120x1,ge-3/3/2 ,MARSHAL;ID:26012,1058,172.23.250.61/30,10m,10m,
VECCSNOCJM120x1,ge-3/3/2 ,ALFONSORCHUAO;ID:26030,1059,172.23.250.37/30,50m,50m,
VECCSNOCJM120x1,ge-3/3/2 ,CUBO-CUBICULOS-Y-PAP,1062,172.23.248.17/30,10m,10m,
VECCSNOCJM120x1,ge-3/3/2 ,OLTP;ID:26074,1063,172.23.248.145/30,50m,50m,
VECCSNOCJM120x1,ge-3/3/2 ,GRANOS-DIGITALES;ID:26102,1064,172.23.247.29/30,50m,50m,
VECCSNOCJM120x1,ge-3/3/2 ,PIZZOLANTE;ID:26120,1065,172.23.247.101/30,50m,50m,
VECCSNOCJM120x1,ge-3/3/2 ,CUBON-MUDANZAS-INTERNACIONALES;ID:26046,1066,172.23.250.173/30,20m,20m,
VECCSNOCJM120x1,ge-3/3/2 ,ALTUM;ID:26199,1070,172.23.245.201/30,50m,50m,
VECCSNOCJM120x1,ge-3/3/2 ,ASESORIA-FINAN;ID:26195,1071,172.23.245.221/30,40m,40m,
VECCSNOCJM120x1,ge-3/3/2 ,CUBO-E/S-CHUAO,1072,172.23.245.161/30,20m,20m,
VECCSNOCJM120x1,ge-3/3/2 ,IMPORTADORA-MERAKI;ID:26243,1074,172.23.244.145/30,40m,40m,
VECCSNOCJM120x1,ge-3/3/2 ,BBO-CAPITAL;ID:22723,1075,172.23.244.169/30,40m,40m,
VECCSNOCJM120x1,ge-3/3/2 ,CUBO-GESTION-OLT,1076,172.23.252.225/30,,,
VECCSNOCJM120x1,ge-3/3/2 ,ANAU-QUINTA,1152,190.94.210.205/30,20m,20m,
VECCSNOCJM120x1,ge-3/3/2 ,ANAU-ROUTER-PARQUE,1153,172.23.250.141/30,10m,10m,
VECCSNOCJM120x1,ge-3/3/2 ,ANAU-UNION-ISRAELITA;ID:25927,1154,190.94.218.9/29,10m,10m,
VECCSNOCJM120x1,ge-3/3/2 ,ANAU-YESHIVA,1155,190.94.210.169/30,10m,10m,
VECCSNOCJM120x1,ge-3/3/2 ,ANAU-BEIT-JOSEPH,1156,190.94.210.165/30,10m,10m,
VECCSNOCJM120x1,ge-3/3/2 ,ANAU-BEIT-AVOT-CAM,1157,190.94.210.161/30,10m,10m,
VECCSNOCJM120x1,ge-3/3/2 ,ANAU-BEIT-AVOT,1160,172.23.245.33/30,10m,10m,
VECCSNOCJM120x1,ge-3/3/2 ,SINAI-BET-SHMUEL,1201,190.94.210.141/30,20m,20m,
VECCSNOCJM120x1,ge-3/3/2 ,SINAI-BET-ABRAHAM,1202,190.94.210.137/30,10m,10m,
VECCSNOCJM120x1,ge-3/3/2 ,SINAI-QUINTA-MILU,1203,190.94.210.133/30,10m,10m,
VECCSNOCJM120x1,ge-3/3/2 ,VENEVISION;ID:26092,1206,172.23.248.197/30,100m,100m,
VECCSNOCJM120x1,ge-3/3/2 ,SINAI-VENE-SAMIRA,1207,172.23.248.201/30,40m,40m,
VECCSNOCJM120x1,ge-3/3/2 ,TEACHLRCORP-1881;ID:25975,1552,172.23.245.69/30,10m,10m,
VECCSNOCJM120x1,ge-3/3/2 ,PERLA-DEL-SUR;ID:26207,1556,172.23.245.253/30,20m,20m,
VECCSNOCJM120x1,ge-3/3/2 ,GALI-CARACASR-POLICLI,1564,190.94.250.193/30,60m,60m,
VECCSNOCJM120x1,ge-3/3/2 ,GALI-BPLAZA-TC-MGMT,1570,172.23.244.213/30,,,
VECCSNOCJM120x1,ge-3/3/3 ,VECCSNOC3750X4_Giga1/0/5,2,172.23.250.121/29,,,
VECCSNOCJM120x1,ge-3/3/3 ,CANTV-SINAGOGA_BetAtharon,755,172.23.253.81/30,,,
VECCSNOCJM120x1,ge-3/3/3 ,CANTV-IGLESIAJSUD;ID:23049,820,172.23.252.21/30,,,
VECCSNOCJM120x1,ge-3/3/3 ,CANTV-ARMADA-OCHINA-LG;ID:10843,950,172.23.255.181/30,,,
VECCSNOCJM120x1,so-4/0/0 ,,,,,,
VECCSNOCJM120x1,ge-5/0/0 ,CCSJ4500CREX1_xe-0/0/24,1,172.23.249.97/28,ACCESO-TELNET022018,,
VECCSNOCJM120x1,ge-5/0/0 ,CRED-TVZ-MTN-2022-1,281,172.23.253.237/30,,,
VECCSNOCJM120x1,ge-5/0/0 ,CRED-TVZ-CA1-2022,283,172.23.250.25/30,,,
VECCSNOCJM120x1,ge-5/0/0 ,CRED-TVZ-LC1-2022,284,172.23.251.25/30,,,
VECCSNOCJM120x1,ge-5/0/0 ,TUNO-NODOV-QTA-MARACA,491,181.225.53.129/29,300m,300m,
VECCSNOCJM120x1,ge-5/0/0 ,EMB-BRASIL;ID:21210,516,172.23.254.113/30,100m,100m,
VECCSNOCJM120x1,ge-5/0/0 ,SCOUT-TECNOLOGIA;ID:26000,526,172.23.251.181/30,50m,50m,
VECCSNOCJM120x1,ge-5/0/0 ,VICTORIA-HOLDING;ID:26032,533,172.23.250.153/30,80m,80m,
VECCSNOCJM120x1,ge-5/0/0 ,BNC;ID:21599,954,181.225.43.161/29,100m,100m,
VECCSNOCJM120x1,ge-5/0/0 ,CUBO-KAYSEN,1077,172.23.243.149/30,50m,50m,
VECCSNOCJM120x1,ge-5/0/0 ,BANCAMIGA;ID:26083,1505,190.94.245.201/29,100m,100m,
VECCSNOCJM120x1,ge-5/0/0 ,GRUPO-OSEO;ID:26169,1531,172.23.254.41/30,200m,200m,
VECCSNOCJM120x1,ge-5/0/0 ,GALI-BC-IP,1567,190.94.245.249/29,100m,100m,
VECCSNOCJM120x1,ge-5/0/0 ,,1606,172.23.245.177/30,50m,50m,
VECCSNOCJM120x1,ge-5/0/0 ,QTA-SERRANA;ID:26170,1611,172.23.248.45/30,300m,300m,
VECCSNOCJM120x1,ge-5/0/0 ,PIDEYUMMY;ID:26204,1612,172.23.246.37/30,100m,100m,
VECCSNOCJM120x1,ge-5/0/0 ,EMB-PAISES-BAJOS;ID:26197,1614,172.23.246.105/30,80m,80m,
VECCSNOCJM120x1,ge-5/0/0 ,ADANFARMA;ID:26222,1620,172.23.244.93/30,100m,100m,
VECCSNOCJM120x1,ge-5/0/0 ,PCR-NODOV-DELTA,1627,181.225.42.17/29,400m,400m,
VECCSNOCJM120x1,ge-5/0/0 ,PCR-SISNET,1629,172.23.246.185/30,100m,100m,
VECCSNOCJM120x1,ge-5/0/0 ,PURO-PAGO-TFC;ID:26196,1650,190.94.199.25/30,100m,100m,
VECCSNOCJM120x1,ge-5/0/0 ,TELCORP-PISO-13;ID:26301,1754,172.23.243.69/30,100m,100m,
VECCSNOCJM120x1,ge-5/0/0 ,PCR-TEKKOA-SW,1759,172.23.244.57/30,,,
VECCSNOCJM120x1,ge-5/0/0 ,PCR-TEKKOA,1760,190.94.243.113/29,,,
VECCSNOCJM120x1,ae0 ,TELCORP;ID:26301,493,172.23.244.161/30,60m,60m,
VECCSNOCJM120x1,ae0 ,UNICEF-HP;ID:25552,528,172.23.250.21/30,80m,80m,
VECCSNOCJM120x1,ae0 ,ACNUR-FIBRA;ID:11658,534,172.23.252.25/30,150m,150m,
VECCSNOCJM120x1,ae0 ,ELUN-ST-GUILLAN,971,172.23.245.217/30,100m,100m,
VECCSNOCJM120x1,ae0 ,ANAUC-2NET-C-MEDICO,1163,172.23.243.237/30,100m,100m,
VECCSNOCJM120x1,ae0 ,SINAI-VENE-SAMIRA-PRINCIPAL,1208,172.23.247.221/30,SAECA,SAECA,
VECCSNOCJM120x1,ae0 ,GRUPO-JHS;ID:26008,1254,172.23.251.169/30,40m,40m,
VECCSNOCJM120x1,ae0 ,PALMERA;ID:26027,1508,172.23.248.205/30,1m,1m,
VECCSNOCJM120x1,ae0 ,,1525,2803:D480:0:75::8053/64,TOP,TOP,
VECCSNOCJM120x1,ae0 ,YV-INGENIERIA;ID:26147,1529,172.23.247.237/30,90m,90m,
VECCSNOCJM120x1,ae0 ,GALI-NEU-YANK-GROUP,1554,,,20m,20m
VECCSNOCJM120x1,ae0 ,PCR-ACTIVALORES,1635,172.23.246.241/30,60m,60m,
VECCSNOCJM120x1,ae0 ,VIVA-SUPERCENTRO;ID:26282,1640,172.23.246.121/30,60m,60m,
VECCSNOCJM120x1,ae0 ,CANTON-GRILL;ID:26286,1641,172.23.244.181/30,50m,50m,
VECCSNOCJM120x1,ae1 ,BACKBONE-CRED-L3,9,2803:d480:0:80:0:3e80:0:2/124,,,
VECCSNOCJM120x1,ae1 ,CRED-LEBRUN,30,2803:d480:0:66::e000/64,,,
VECCSNOCJM120x1,ae2 ,MULTIPHONE;ID:22666,4,172.23.250.85/30,,,
VECCSNOCJM120x1,ae2 ,,7,172.23.254.101/30,,,
VECCSNOCJM120x1,ae2 ,Brighstar,730,172.23.255.185/30,,,
VECCSNOCJM120x1,ae3 ,,1,172.23.253.137/29,,,
VECCSNOCJM120x1,ae3 ,PEER-NU,129,190.94.210.229/30,,,
VECCSNOCJM120x1,ae3 ,,520,,,,
VECCSNOCJM120x1,ae3 ,NV-CLARIANT,610,,,,
VECCSNOCJM120x1,ae3 ,,0,2803:d480:0:73::16/128,ACCESO-TELNET022018-V6,,
 VECCSLEV31002X1,Loopback0,,,181.225.46.242 255.255.255.255,,,
,,,,,,,
 VECCSLEV31002X1,Tunnel0,LEV3-MD-CDT,,172.23.254.97 255.255.255.252,,,
 VECCSLEV31002X1,GigabitEthernet0/0/0,TIS-ID:IFV005UCARMI2NN,,10.10.121.185 255.255.255.252,,,
 VECCSLEV31002X1,GigabitEthernet0/0/1,,,,,,
 VECCSLEV31002X1,GigabitEthernet0/0/1.925,LEV3-WIFIPOPCCS,925,172.23.254.129 255.255.255.240,30M,30M,
 VECCSLEV31002X1,GigabitEthernet0/0/2(shutdown),,,,,,
 VECCSLEV31002X1,GigabitEthernet0/0/3(shutdown),,,,,,
 VECCSLEV31002X1,TenGigabitEthernet0/1/0,,,172.23.249.3 255.255.255.240,,,
 VECCSLEV31002X1,TenGigabitEthernet0/1/0.29,L3-LEBRUN,29,172.23.249.17 255.255.255.240,,,
 VECCSLEV31002X1,TenGigabitEthernet0/2/0,,,,,,
 VECCSLEV31002X1,TenGigabitEthernet0/2/0.911(shutdown),LEV3-CL_IP - FRO2006909960,911,89.221.41.89 255.255.255.254,,,
 VECCSLEV31002X1,TenGigabitEthernet0/2/0.915(shutdown),LEV3-CL_IP - FRO2006909960,915,4.15.156.46 255.255.255.252,,,
 VECCSLEV31002X1,TenGigabitEthernet0/2/0.916(shutdown),LEV3-CIX,916,172.23.255.189 255.255.255.252,,,
 VECCSLEV31002X1,TenGigabitEthernet0/2/0.918(shutdown),LEV3-CHIRCALNET,918,172.23.254.25 255.255.255.252,,,
 VECCSLEV31002X1,TenGigabitEthernet0/2/0.919(shutdown),LEV3-360,919,172.23.254.29 255.255.255.252,,,
 VECCSLEV31002X1,TenGigabitEthernet0/2/0.924(shutdown),LEV3-WIFISOLUTION,924,172.23.252.53 255.255.255.252,400M,WIFISOLUTION-MAY2021,
 VECCSLEV31002X1,TenGigabitEthernet0/2/0.930,CIR-MD-TEST,930,172.23.252.205 255.255.255.252,100M,100M,
 VECCSLEV31002X1,TenGigabitEthernet0/2/0.933(shutdown),LEV3-360-MEGADATTA,933,172.23.254.53 255.255.255.252,,,
 VECCSLEV31002X1,TenGigabitEthernet0/2/0.934(shutdown),LEV3-360-PNS,934,172.23.254.57 255.255.255.252,,,
 VECCSLEV31002X1,TenGigabitEthernet0/2/0.941,LEV3-CHIRCALNET,941,181.225.40.217 255.255.255.248,50M,50M,
 VECCSLEV31002X1,POS0/3/0,UNITEL:CANTV-F9529/CIRCUITO:85560000650/ORDER:I13ICP25289,,172.23.253.253 255.255.255.252,,,
 VECCSLEV31002X1,POS0/3/1(shutdown),,,,,,
 VECCSLEV31002X1,POS0/3/2(shutdown),,,,,,
 VECCSLEV31002X1,POS0/3/3(shutdown),,,,,,
 VECCSLEV31002X1,POS0/3/4(shutdown),,,,,,
 VECCSLEV31002X1,POS0/3/5(shutdown),,,,,,
 VECCSLEV31002X1,POS0/3/6(shutdown),,,,,,
 VECCSLEV31002X1,POS0/3/7,UNITEL:CANTV-G0864/ORDER:I14ICP02675/CID:47410000818,,172.23.252.17 255.255.255.252,,,
 VECCSLEV31002X1,GigabitEthernet0(shutdown),,,,,,
